english	manx_translations
Abban's Church	Keeill Abban
Abbot's Division	Rheynn Abb
Abbot's Water	Ushtey ny Abbagh
abdominal belt	cryss volgagh
abominable idolatries	jalloonys dwoaiagh
Abominable Snowman	fer sniaghtee feohdagh
aborted ewe	deayrtnagh
abounding in chickweed	fleeagh
abounding in docks	cabbagagh
abounding in oysters	ooastyragh
abounding in sharp docks	shughlaigagh
absent-minded person	meehastagh; shagh-smooinaghtagh
absolutely valueless	feeu veg
absolute minimum	earroo sloo
absolute zero	jarroo-neunhee
abusive person	caartragh
academic achievements	cooilleenaghyn-ynsee
accelerated learning	ynsagh siyrit
accommodation ladder	aarey yerree
accordion pleats	myn-filley
acorn barnacles	carran
acorn cup	cappan ferrish
Acorn Farm	Balley ny Gro
acorn moth	lhemeen darree
acoustic wall	boalley bouyr
act of vindication	glenney
addled egg	ooh guirragh
ad infinitum	dy bragh; gyn jerrey
ad interim	dy shallidagh; son y traa t'ayn
adipose tissue	sahll
adjutant bird	coar-Injinagh
admiralty court	quaiyl varrey
Admiralty Islands	Ellanyn ny h-Ardmarraght
adult plus	fer aasit as tooilley; aasit as tooilley
Adult workshops	Keirdlannyn son Sleih-aasit
ad valorem	reir yn leagh
adverse weather	drogh earish
adverse wind	geay ching
Advisers' Secretary	Scrudeyr ny Coyrlee
aerated water	ushtey aeragh
aerial photograph	caslys speyragh
aerial torpedo	torpaid aer
aeroplane simulator	far-etlan
affected with glampus	caddymagh
affiliated society	sheshaght chochianglt
African dwarf frog	rannag veg Affrickagh
African veld	Magher ny h-Africk
aft of the mast	cooyl y chroan; sheear jeh'n chroan
agent provocateur	brasneyder
Age of Romance	Lhing ny reejerys
agglutinative language	hengey ghleiynagh
Agnus Dei	Eayn Yee
agoraphobic tendencies	beoynyn aggle straiddey
agricultural output	coyrt-magh eirinagh
Agri-environment Scheme	Skeim y; hymmyltaght Eirinagh
aiding and abetting	cooney as greesaghey
air armada	aer-armada
air corridor	corradoyr aer
aired with heat	cheerit
airmail writing paper	pabyr-screeuee thanney
air marshal	aervarshyl
air pump	chionneyder-aer
air-traffic control	reiltys gleashaght aer; stiurey traaght-er
air-traffic control services	shirveishyn stiurey traaght-er
airway beacon	soilshey aerlinney
aitch bone	craue curpey; curp
alarm gong	clag gaue; clag raauee
Alaskan Gulf	Lhoob Alaska
Albany Lane	Lhoan Nalbin
Albany Road	Raad Nalbin
albino rabbit	conning albeenagh
albino woman	ben albeenagh
alder buckthorn	farney doo
Alderley Close	Close Alderley
ale mug	pynt jough
Aleutian tern	sternag Aleutiagh
Aleyn's Mountain	Slieau Aleyn
alfa grass	alfey; faiyr alfey
Alfgeirr's Farm	Alkest
Alice's Croft	Croit Ealee
Alice's Shrubbery	Garree Ealee
alighting stool	tarlheiman
alive with vermin	er croo
alkali metal	meain alkalaih
alkaline earth metal	meain chray-alkalaihagh
Allan's Glen	Glion Challan
Allan Street	Straid Allan
allegations of corruption	lhiassaghyn jeh molteyrys
Allen's Farm	Balley Allen; Allen
s gallinule	kiark ushtey Allen
Allen's Gap	Doarlish Allen
Allen Street	Straid Allen
All Hallow's Day	Laa ny Nooghyn Ooilley; Laa Souney
All Hallow's Eve	Oie Houney
alligation method	saase driaghtagh
alligator pear	peear doo
all in a flurry	ooilley fud-y-cheilley
all-in policy	yl-pholasee
all in tangles	ooilley ayns cassaghyn
all-in wrestling	yl-ghleckey
allis shad	goayr varrey
all-mains set	gleaysh yl-linney
all our yesterdays	yn traa t'er n'gholl shaghey voin
Allow's Big Hill	Knock Aloe Mooar
Allow's Croft	Croit Allow
Allow's Little Hill	Knock Aloe Beg
All Saint's Day	Laa ny Nooghyn Ooilley; Laa'l Mooar ny Nooghyn
all-time record	recortys derrey nish
almond-shaped eyes	sooillyn keyley
alms basin	meilley yeirk
Alpine barrenwort	bossan gennish
Alpine clubmoss	garvag Alpag; keynnagh ny sleityn
Alpine Cottage	Thie Alpagh
Alpine hut	bwaane slieau
Alpine swift	gollan alpagh
altar chime	cluig erin
altar chimes	cluig erin
altar cushion	clooieshag altar
altar recess	cuilleig altaragh
alternate water-milfoil	snaih baih
alternate weeks	cor-shiaghteeyn
alternating current	streeu chirkinagh
alternating days	dagh cor-laa
alto clef	ogher alteragh
ambulance man	fer carr lheihys; fer kied chouyr
amending act	slattys lhiasee
American kestrel	stannair ruy Americaanagh
American purple gallinule	kiark ushtey ghorrym Americaanagh
ammunition wagon	waggan tashtee
amoebic dysentery	vuinnaght vooar
amour propre	leggad
amusement arcade	boayl gammanyn
anaesthetize generally	cur cadlaghan da; cur ny cadley
Anagh Coar Close	Close Anagh Coar
Anagh Coar Road	Raad Anagh Coar
analytical form	cummey oltscarree
analytic language	hengey scarreydagh
anatomical atlas	caslys ronsagh kirpey
ancient murrelet	stronnag scoarnagh-ghoo
Andalusian fowl	kiark Spaainagh
Andrew's Hill	Cronk Andreas
Andrew's Marsh	Curragh Andrew
Andrew's Meadow	Lheannee Andra
angelus bell	clag yn ainle
angle of incidence	cuinney huittym; uillin huittym
Anglican Church	Agglish Hostyn
angular diameter	crantessen uillinagh
angular frequency	menkid uillinagh
angular velocity	bieauid uillinagh
animal husbandry	reeydys beiyn
ankle sock	oashyr abaneagh
Annacur Lane	Lhoan Anagh Coar
Annie's Glen	Glion Annie
Ann's Croft	Croit Anny; Croit Ann
annual rate of inflation	raayt bleinoil jeh bolgey argid
annular eclipse	doorey fainoil
annunciator board	claare sansheragh
Anthony's fire	chenney Jee
antibiotic resistance	shassoo noi noi-vaagh
Antic Goat	Goayr Heddagh
antique shop	shapp shenndaght
anti-social behaviour	drogh ymmyrkey-bea
antisocial behaviour	aghtey noi-heshaghtagh; drogh ymmyrkey-bea
Anti-Terrorism and Crime Act	Slattys Lhiettal Tranlaase-Agglee as Kimmeeys
antler moth	lhemeen eairkagh
ant's nest	edd sniengan
Aodh's Hill	Kione Aodh
apocalyptic number	earroo yn veisht
apostle jug	podjal ny hostyllyn
Appledean Court	Close Lhag Ooylagh
apple turnover	filltane ooyll
apricot tree	billey apricoc
aquatic plants	lossreeyn ushtee
aquatic sports	spoyrtyn ushtee
aquatic warbler	kiaulleyder ushtey
aqua vitae	ushtey bio
arable land	thalloo banejagh
Ara's Well	Chibbyrt Aarey
Archdeacon's Close	Close yn Ard Jaghin
Arctic redpoll	kione-jiarg Arctagh
arctic tern	gant ny gibbinyn; sternag arctagh
ardent heat	chiass lajer
argentine thistle	onnane Albinagh; onnane vreck
Arick's Meadow	Lheannee Arick
armchair critic	cremeyder thie
armed guards	gardyn armit
army corps	core armee
aroma therapy	lheihys-soar
arrant nonsense	jiarg-voghtynid
arterial line	ard-raad yiarn
arterial road	bollagh mooar
artesian well	chibbyr arteeshagh
Arthur's Farm	Balley Adda
Arthur's Pasture	Pairk Arthur
Arthur's Rock	Creg Adha
Arthur's Tower	Toor Adha
articular process	cubblane juntagh
artificial insemination	laue-heeley
artificial respiration	aaghoostey ennal
asbestos board	claare asbestos
Ashberry Avenue	Astyl Berrishyn Keirn
Ashberry Cottages	Bwaaneyn Berrishyn Keirn
Ashbourne Avenue	Astyl Strooan Unjin
Ashbourne Grove	Keyll Strooan Unjin
ashen grey	neealloo
Ashley Hill	Cronk Ashley
Ashton's Fort	Dun Ashton
as if	myr dy row; Bible; myr yien
Asmundr's Garth	Amorgarry
Asmundr's Knoll	Asmundirtoft
aspirin tablets	asprynyn
assessing performance	meihaghey-cooilleenee
assignable date	dait enmysagh; dait yn-enmys
assimilating food	soo bee
Assistant Director of Prosecutions	Stiureyder Coonee Shualyn
assize court	quaiyl chimmee
associative law	leigh cocheaghlagh
associative properties	troyn cohymsagh
Asston's Church	Doonagh Asston
at full pelt	ec bieauid ny geayee
Atlas of the World's Languages in Danger	Atlas Chengaghyn y Theihll ayns Gaue
at me	aym
atomic capability	niartallys breneenagh
attar of roses	ooil roseyn
attested copy	coip jarrooit
at the roadside	ec cheu yn raad
attorney general's chambers	shamyryn y turneyr theayagh
Attribution Regime for Individuals	Ream-daill son Persoonyn
at us	ain
Auckland Grove	Keyll Auckland
Aughton's Farm	Balley Aughton
Auld Lang Syne	Shenn Seihll Braew
Auldyn Meadow Drive	Imman Lheeannee Auldyn
Aurora Australis	lossan y jiass
Aurora Borealis	lossan y twoaie; Lossan y Twoaie
auspicious wind	raahoil
Australian holly	cullyn Frangagh; cullyn meein
Austrian pine	juys Austeragh; juys doo
authorised examiner	scruteyder oikoil
autographical ink	doo autograafagh
autographical letter	screeuyn ayns laue hene
autonomous verb	seyr-vreear; breear seyr
autumn equinox	cormid traa fouyir
autumn hawkbit	croag phartan
ave bell	clag yn ainle
awareness campaign	troddan-twoaieaght
axial tilt	cleaney essylagh
axis of rotation	essylys chyndaaee
axis of symmetry	essylys shimeadraght
Ayres National Nature Reserve	Kemmyrk Nadoor Ashoonagh ny h-Ayrey
azimuth compass	combaase assamad
azure spar	clagh ghorrym-ghlass
Babbitt metal	meain Vabbit
Baby Accessories	Stoo Babban
baby changing facilities	ynnyd caghlaa pagganyn
baby's bottle	boteil yiole
baby sitter	arreyder paitchey
back bacon	bagoon-drommey
back elevation	jalloo cooyl
backhand blow	builley cooyl
back pedal	cass ny trieaneyn er-ash
backstair influence	fockle 'sy chooyrt
bacterial conjugation	co-whingaghey bacteyragh
badger's den	brockagh
bad mannered	drogh-ellynagh
bad-tempered person	niuniag
Bahee's Lakelet	Loughan Vahee
Baikal teal	laaghag Vaikalagh
Baillion's crake	eean raip beg; Baillon
s crake	eean raip Baillon
s sandpiper	leayrane baird
Ballabrooie Avenue	Astyl Balley Brooie
Ballabrooie Drive	Imman Balley Brooie
Ballabrooie Gardens	Garaghyn Balley Brooie
Ballabrooie Grove	Keyll Balley Brooie
Ballabrooie Park	Pairk Balley Brooie
Ballabrooie Way	Bayr Balley Brooie
Ballacottier Crescent	Corran Balley Cottier
Ballacregga Waterwheel	Queeyl Ushtey Valley Creggey
Ballafesson Road	Raad Balley Phesson
Ballagale Avenue	Astyl Balley Gale
Ballagawne Road	Raad Balley Gawne
Ballagawne Service Reservoir	Doour Hirveish Valley Gawne
Ballakermeen Avenue	Astyl Balley Kermeen
Ballakermeen Close	Close Balley Kermeen
Ballakermeen Drive	Imman Balley Kermeen
Ballakermeen High School	Scoill Ard Vallakermeen
Ballakermeen Road	Raad Balley Kermeen
Ballakilley Lane	Lhoan Valley Killey
Ballakilley Meadows	Lheeantyn Balley Killey
Ballakilley Road	Raad Valley Killey
Ballaleigh Road	Bayr Balley Leigh
Ballaquayle Road	Bayr Valley 'c Phaayl
Ballaughton Close	Close Ballaughton
Ballaughton Gardens	Garaghyn Ballaughton
Ballaughton Lane	Lhoan Ballaughton
Ballaughton Manor Hill	Cronkan Mannor Ballaughton
Ballaughton Meadows	Lheeantyn Ballaughton
Ballaughton Villas	Villaghyn Ballaughton
Ballavale Road	Raad Balley Vale
ballet dancer	daunseyr ballay
Ballig Bridge	Droghad Vallig
ballistic missile	orraghey ballistagh
balloon tyre	boyn bog; crou vog
ball-peen hammer	oard cruggagh
ballpoint pen	penn grine-virragh
ball valve	cooylley vluckan
bamboo rat	roddan cuirtlagh
band clutch	craag voandey
band over a horse's back	dromag
band pulley	ullag voandey
bandy leg	camlurgey; lurgey cham
banging post	lieckan
bank depositor	tashteyder banc
Banker's Flat	Banker's Naaie
bank facilities	seyraaidyn-bank
bank loans	eeasaghtyn-banc
Bank of Bellowing	Broogh Shirrees
barbed wire	streng wheddyragh
barbeque oven	brebag
bareback rider	skibbyltagh-cabbyl
barge board	claare mullee
barge in	bwoalley stiagh
barnacle goose	guiy bayrnag
Barn Enclosure	Close y Toalt
barnyard cock	kellagh ny giark
barnyard fowls	eeanlee y thurran
barrack room	shamyr hidooragh
barrackroom language	glare gharroo; glare hidooragh
Barrack Street	Straid y Varrick
barrel vault	sellar cruin
Barron's Farm	Balley Varron
Barron's Lake	Lough y Varron
Barron's Quarter	Kerroo Barron
s goldeneye	thunnag sooill-airhey Barrow
Barry's Farm	Balley Varry
bar-tailed godwit	feddag hraie; gob-kiare mooar
basal cover	bun-vrat
basket hilt	doarn bascaidagh
basking shark	sharkagh greiney; sharkagh souree
basking sharks	sharkee houree
bathing trunks	breechyn faarkee
Bathurst Street	Straid Bathurst
battle frenzy	merre chaggee
Bay of Biscay	Baie ny Biscaayn; Baie ny Spaainey
bayonet joint	olt cliwe-gunney
Bayr Cam	Bayr Cam
beaded edge	oirr beedit; oirr lieh runt
beaded with sweat	bineenagh
beaked hawksbeard	lus ny shirree
beanplant louse	meeyl phoanrey
bearing brasses	prashyn ymmyrkane
Beasts' Farm	Jurby
Beatific Vision	Reayrt y Trinaid
beauty unadorned	aalid dooghyssagh
beaver hat	edd beaver
become smelly	breinnaghey
becoming overcast	bodjalley; curthooillaghey
bedrock price	leagh s'inshley
bed tick	carthan lhiabbagh
Beechwood Rise	Dreeym Keyll Faih
beef extract	soo foalley
Bee's Glen	Glion Shellan
belaying pin	jialg chianglee
al Feirste	Beeal Feirshtey
Belisha beacon	cowrey croshvollagh
bell ringer	kiaullaneyder
Bell's Close	Close Vell
Bell's Croft	Croit Bell
Bell's Farm	Balley Vell
Belmont Hill	Cronkan Belmont
Belmont Lane	Lhoan Belmont
Belmont Road	Raad Belmont
Belmont Terrace	Strane Belmont
below zero	fo neunhee
belted earl	eaarley cummaghtagh
belted kingfisher	eeasteyr cryssagh
bench lathe	deill binkey
bendy bus	barroose lhoobagh
Bengal lights	chenney chrowree
Ben Nevis	Beinn Nivish
Berane's Farm	Balley Verane
Bering Sea	Mooir Bering
Bess' Croft	Croit Vess
Bessy's Croft	Croit Vessy
betel nut	cro beetyl
bete noir	ard-ghwoaieid; buggane
Between Two Turbaries	Eddyr Ghaa Woanee
bevel edge	foyr bevyllit
bevel gear	gear bevyllit
bevel rule	reilleyder bevyl
bevel wheel	queeyl vevyllit
beyond our ken	harrish yn oayllys ain
bicycle pump	chionneyder builg
Big Brushwood	Lhen Mooar
Big Buggane's Castle	Cashtal y Vuggane Mooar
Big Enclosure	Close Mooar
Big Enclosure Croft	Croit Close Mooar
Big Enclosure Glen	Glion y Close Mooar
Big Enclosure Meadow	Lheannee Close Mooar
Big Ferny Place	Rhenniagh Vooar
Big Fold Enclosure	Close Bwoaillee Vooar
Big Gorsy Enclosure	Close Mooar y Chonnee
Big Gorsy Place	Aittin Wooar; Aittin Mooar
Big Homestead	Balley Mooar
Big Javelins	Mannisyn Mooarey
Big Lakelet	Loughan Vooar
Big McSkelly's Quarter	Kerroo Skaly Vooar
Big Ned's Croft	Croit Ned Mooar
Big Pool Shieling	Eary Phoyll Wooar
Big Rob's Croft	Croit Rob Vooar
Big Shrubbery	Garee Vooar; Garee Mooar
Big Shrubbery Field	Giat y Gharee Vooar
Big Shrubbery Flat	Faaie yn Gharee Mooar
Big Swamp	Laagagh Mooar
Big Tom Robert's Croft	Croit Thom Rob Vooar
Big Tom's Croft	Croit Hom Mooar
Big Turbary	Moaney Mooar; Moanee Mooar
Big White Ferny Place	Rhennee Vane Vooar
bilge pump	teaumane ushtey rummey
bilge water	ushtey rummee
bilious complaint	gorley aane
bill broker	delleyder billaghyn
Bill Gawne's Gate	Giat Bill Gawne
Bill Gawne's Road	Giat Bill Gawne
billiard cloth	eaddagh billiard
billiard cue	maidjey billiard
billiard room	shamyr villiard
billiard table	boayrd billiard
Bill Nick's Land	Towl Bill Nick
bill of divorcement	screeuyn-scarree; Bible
Bill Tom's Rock	Creg Bill Hom
Billy Bill's White Rock	Creg Bane y Bill Villy
bimaculated lark	ushag chalandra y niar
binary star	rollage chyndaaee
biological stain	cron bea-oaylleeagh
bipolar bond	nastey daa-phoullagh
bird fancier	eeaneyr
bird observatory	reayrtlann; eeanlee
bird's-eye primrose	sumark slieau
bird's-eye view	reayrt eeanlee
bird's-foot trefoil	crouw cheyt Rangagh; crouw chiyt; crouw chiyt Rangagh
Birkin's Bend	Lhoob Birkin
birth certificate	screeuyn ruggyree
bishop's cape	breid aspickagh
Bishop's Court	Cooyrt yn Aspick; Quaiyl yn Aspick
Bishop's Croft	Croit yn Aspick
bishop's crozier	baghyl
Bishop's Farm	Balley Aspick
Bishop's Marsh	Curragh Aspick
Bishop's Mill	Mwyllin Aspick
Bishop's mitre	crooin Aspickagh
bishop's palace	thie yn aspick
Bishop's Shrubbery	Garee Aspick
Bishop's visitation	keayrt vooar
bishop's weed	lus y ghoot; lus yn aspick
bitter vetch	crammelt
black bearberry	grineag ghoo
black bentgrass	shaslagh ghoo
black-billed cuckoo	cooag ghob-doo
black bryony	mandrag ghoo
Blackburnian warbler	kiaulleyder Blackburne
black-coated workers	lught ny h-oikyn
black-eared wheatear	thoyn-vane chleaysh-ghoo
Blackfords Pre TT Classic Races	Ratchyn Classicagh Ro-TT Blackford
Black Gulley	Lhoob Doo
Black Hill Enclosure	Close Sartfell
black-legged cattle	maase doo-chassagh
Black Maria	carr yn phrysoon; van ny meoiryn shee; van y phrysoon
black marketeer	delleyder 'sy vergey doo
black-necked grebe	eean Bretnagh; greeb doo
black nightshade	croanreisht ghoo
black pea	pishyr ghoo
blackpoll warbler	kiaulleyder doo-eddinagh
black poplar	pobbyl doo
Black Quarter Enclosure	Close y Kerroo Doo
black rock-lichen	dooid ny greg
black sea bream	carroo doo
black sedge	shiast doo
Black's Farm	Balley Black
Black Shieling	Block Eary
Black Shrubbery	Garee Doo
Blacksmith's Croft	Croit y Gaaue
Blacksmith's Enclosure	Close y Gaaue
black spleenwort	doo-chassagh
black-tailed godwit	gob-kiare famman-doo
black tern	gant doo; sternag ghoo
Blackthorn Farm	Balley Drine
Blackthorn Marsh	Curragh Bugogue
Blackthorn Meadow	Lheannee Bugogue
black-throated diver	thummeyder staghyllagh; thunnag ny scoarnagh doo; lhargey ghoo
Black Trench Bleach End	Clash Doo Kione Thoar
black-winged pratincole	pratincoyl skian-doo
black-winged stilt	lurgagh
bladder campion	lus y lhemeen; lus y lhemyn
Blaeberry Gorge	Cluggid Blaeba
blaeberry mountains	sleityn freoghaneagh
Blaeberry River	Awin Blaber
blank cartridge	cartoose kyagh
Blasket Islands	Blascaaidee
Bleach Green Farm	Balley yn Toar
Bleach Green Field	Magher Thoar
Bleach Green Road	Bayr Thoar
bleaching field	thoar
Bleaching Glen	Glion Thoar
Bleaching Green Croft	Toar ny Croit
bleaching material	stoo giallee
bleaching powder	poodyr-giallee
bleaching water	ushtey giallee
blindfold person	doalan
blindman's buff	farkan cooyl doalan; farkan doallan
blithering idiot	donnan mooar
blockade runner	roieder chemmaltys
blockade running	brishey chemmaltys
blood clot	glubbey folley
blood corpuscles	corpeen folley
blood plasma	plasmey folley
blood transfusion	tessen-chaghlaa folley
blotting pad	kiappag sooee
blubber lip	beill-vooar
blubber of jellyfish	smug
blue-cheeked bee-eater	eeder shellan lieckan-gorrym
blue shark	sharkagh gorrym
blue-tailed damselfly	snaid-veg gorrym-fammanagh
blue titmouse	Jinnee ghorrym; kione gorrym
blur vision	jannoo dullyr
boarding card	kaart-chlaare
boarding house	thie aaght; boarding
boarding school	scoill aaght; scoill oastys
board of directors	boayrd ny stiureyderyn; oik ny stiureyderyn
Boar's Head	Kione y Chollagh Vuc
boating event	immeeaght-vaateyrys
Boddan's Farm	Balley Voddan
body politic	stait
bog asphodel	lus Cholumb Keeilley
bog pimernell	follagher curree
boll weevil	crooag chadee
bolting house	thie caih; thie creearree
bombing campaign	faghtys-bleaystan
bona fide	dy feer; dy hynrick
bona fides	jeih-aigney feerid; Bonaparte
bon mot	fockle traaoil
booking clerk	cleragh tiggad
booking office	oik tiggad
book marker	gah lioaragh
book muslin	muslyn lioaragh
book of many volumes	yl-lioar
book review	barel lioaragh
boom of thunder	rooital
boon companion	sheer-heshey; sheshey mie
boot blacking	dooaght vraag
bootlace weed	drumlagh
Borwan's Farm	Balley Varvane
Boshen's Pasture	Pairk y Voshen
botanic gardens	garey lossreeyn
bottled nose dolphin	perkin mooar-troinagh
bottled up	follit
bottling machine	jeshaght voteilagh
bouncing Bess	lus y cheeabin
bouncing bet	lus y cheeabin
Boundary Review Committee	Bing-scrutee Joaraghyn
bow compasses	combaaseyn lheimaghan
bower anchor	aker hoshee
bowie knife	skynn helg
bow thruster	seiyder-toshiaght
box camera	shamraig chistey
boxer dog	bocseyr
box pleat	claight dooblit
box spanner	spanney dooint
Boyd's Croft	Croit Boddagh
Boyle's Fold	Boayl Voyle
Boy's Brigade	Brigaid ny Guillyn
braaivleis oven	brebag
Braille type	clou Vraaile
brain's trust	skimmee oayllagh
brake pedal	coshal ghlackan
Bramble Brae	Broogh y Dress
brambly hedgerow	cleigh dressagh
branched burr-reed	shiast y ree
branching road	fo-vayr
brazen browed	oaie-daaney
Brazil nut	cro Brasillagh
bread crumb	coodaghey lesh kinneigyn
Breaga's Church	Keeill Breaga
Breaga's Church Enclosure	Close Keeill Breaga
Breagle Glen	Glion Breagle
Breastfeeding Act	Slattys Beaghey Kee
breeding stud	grih
Brent goose	guiy doo
breve accent	slattag yiare
brevet rank	graaid onnoragh; ooashlid onnoragh
brewer's grains	drou; drow
Brewery Beach	Traie yn Thie Imbyl
Brew's Farm	Balley Vrew
Brew's Hill	Knock y Vrew
Brew's Meadow	Lheannee Vrew
bridal veil	breid phoosee
bride and groom	cubbyl noa-phoost
bride's cake	berreen vanshey
Bridge Enclosure	Close y Droghad
Bridget's Church Shrubbery	Garee Keeill Vreeshey
bridled tern	sternag speckleyragh
Bridson's Farm	Balley Bridson
brigadier general	ard-vrigaidagh
Bright Rift	Skinscoe
brimful of health	cha follan as mwaagh
brimless cap	bonnad
British Airways	Raaidyn-Aer Goaldagh; Lhuingys-aer Goaldagh
British citizenship	seyraanaght Ghoaldagh
British Colonialism	Coloinaghys Goaldagh
British-Irish Council	Coonceil Ghoaldagh-Yernagh
British-Irish Parliamentary Assembly	Cruinnaght Ard-whaiyllagh Goaldagh-Yernagh
British Thermal Unit	unnid-hiass goaldagh
broadband connection and speeds	kianglaghyn as bieauidyn boandey lhean
broadband connection speeds	kianglaghyn as bieauid yn boandey lhean
broad-billed sandpiper	leayrane gob-lhean
broad bottomed	lhean-thoynagh
broad chested	lhean-chleeauagh
broad consonants	corocklyn Ihean
Broad Garth	Bregar
broad-leaved dock	cabbag lhean
broad-leaved pondweed	dullish far-ushtey; dullish ny hawin; lus ny lhingey
broad-leaved ragwort	bossan mollagh mooar; cuishag vollagh
Broad Shieling	Eary Lhean
Broadway Baptist Church	Keeill Vashtagh Broadway
Broadway Baptist Church Act	Slattys Keeill Vashtagh Broadway
broiler house	thie kirkey
Bromet Road	Raad Bromet
Brompton stock	blaa yn 'Eaill Eoin
bronzed skin	crackan dhone
broody hen	kiark ghuirragh
Brown Berree's Pool	Lhing Berree Dhone
Brown Jimmy's Gully	Gullad Jemmy Dhone
Brown's Croft	Croit Vrown
brown seaweeds	famleeyn dhoan
Brown's Flat	Faaie Vrown
brown thrasher	bwoalleyder breck
Brushwood Dale	Cardell
Brushwood Hill	Cronk Killane
Brushwood Land	Killane
Brushwood Slope	Cor Breck
brushy tail	famman critlagh
Brusi's Farm	Brystone
Brusi's Shieling	Bryseth
Brussel sprouts	buinnaghyn Brussyl
Brussels sprouts	gobbaghyn Belgagh
bubble car	gleashtan bolganagh
bubble over	cloie harrish
bubble up	geill
bubonic plague	phlaih fairaigagh
bucket seat	soiag varril
buckling to	lhie rish yn obbyr
Buck's Road	Raad Buck
buckthorn berry	bugogue
buff-breasted sandpiper	leayrane cleeau ghone-buigh
buffer state	stait eddyraneagh
buffing wheel	queeyl ghloassee
Buggane's Rock	Creg y Vuggane
Buggane's Rock Hole	Towl Creg y Vuggane
building aggregate	shillee
building contractor	troggeyder
building sites	ynnydyn-troggal
bulbous-rooted tangle	scroagh cassey
Bulgham Bay	Baie yn Volgan
bulging eyed	bolg-hooillagh
bull's eye	fainey sthie; sooill ghlenney; sooill terriu
bull's eye lantern	londeyr sooilley
bull's-eye window	uinnag chruinn; uinnag volganagh
bull terrier	brockeyr terriu
Bully's River	Awin Bully
s petrel	kirree varrey Bulwer
bumper car	carr-donkal
bumper crop	troar vooar
bundle of osiers	corrag; cuirrag; currag
bung hole	beeal mullag; towl bong
Burkina Faso	Burkina Faso
Burnt Shrubbery	Garee Losht
burr 'R'	scoarnee
bus depot	garreish bus
bus drivers' union	sheshaght-cheirdey ny h-immanee-varroose
Bushell's Croft	Croit ny Bushell
Bushel's Field	Magher Vushel
bush vetch	pishyr ny gabbil
business directory	lioar-enmey dellal
bustling about	foostyral mygeayrt; goll er mullagh ching; siyraghey
butcher's broom	lus ny gaulg
butler's pantry	cuillee vutleyragh
buttock meat	curpagh; feill cheasee
buttonhole stitch	greim lhoobag
buzz about	jannoo skianys mygeayrt
buzz off	fow roish; goll roish
Byllinge's Farm	Balley Wyllin
by me	liorym; Rachel died by me in the land of Canaan/; lioryms
by rotation	rere shayllyn
Bytchell's Farm	Balley Vytchell
by us	liorin; liorinyn
by way of illustration	myr sampleyr
cabbage lettuce	glassan garroo; glassan mooar; glasseyr mooar
cabinet maker	cabnaidagh
Cabinet minister	arrey reiltys
Cabinet Office	Oik Coonceil ny Shirveishee
cable-laid rope	tead caabylchast
cacao bean	sheel coco
cacao tree	billey coco
cadaverous look	daah yn vaaish
cadaverous person	fer shang
Caine's Bridge	Droghad y Caine
Caine's Croft	Croit y Caine
Caine's Lake	Lough Caine
Caine's Mill	Mwyllin y Caine
Cain's Big Farm	Balley Cain Mooar
Cain's Croft	Croit y Cain
Cain's Farm	Balley Cain
Cain's Field	Magher Cain
Cain's Fold	Bwoaillee Cain
Cain's Hunting Place	Shughlaig y Cain
Cairbre's Farm	Balley Cairbre
Cairn of the Gorge	Carn y Vreid
Caiskell's Waste	Reeast y Caiskell
Caistill's Croft	Croit y Caistill
calandra lark	ushag chalandra
Caley's Croft	Croit y Caley
Caley's Farm	Balley Caley
Caley's Farm Enclosure	Close Balley Caley
Calf Island Enclosure	Close ny Colloo
calf's-foot jelly	gleiy crub lheiyee
Callane's Church	Keeill Callan
Callan's Girl's Croft	Croit Inney Challan
Callin's Croft	Croit y Callin
Callin's Farm	Balley Callin
Callin's Glen	Glion Callin
Callin's Hill	Cronk Callin
Callin's Land	Thalloo Callin
Callin's Point	Gob ny Callin
Callin's Sheep Pen	Croa Callin
calliper compasses	combaaseyn cam
Callow's Croft	Croit Callow
Callow's Enclosure	Close y Callow
Callow's Farm	Balley Callow
Callow's Island	Ellan y Callow
Callow's Lake	Lough y Callow
Callow's Yard	Close Challow
Calves' Height	Ard ny Lheiy
Calves' Pasture	Pairk ny Lheiy
Camaish's Croft	Croit y Camaish
Camaish's Farm	Balley Camaish
Camaish's Garden	Garey Chamaish
Camaish's Gardens	Garaghyn Chamaish
Camaish's Land	Thalloo Camaish
Camaish's Quarter	Kerroo Chamaish
camera obscura	shamyr ghorraghey
camomile tea	tey camomile
Campbell's Bridge	Droghad Campell
Campion Way	Bayr Blaa ny Ferrishyn
canary seed	grine canaaree; rass canaaree
canary yellow	feer-wuigh
Cancer Services User Forum	Forym Ymmydeyryn Shirveishyn Kahngyr
candied peel	speeineig villish
candy floss	shugyr-sneeuit
canine tooth	birrag
Cannell's Enclosure	Close y Cannell
Cannell's Farm	Balley Cannell
Cannell's Glen	Glion Cannell
Canterbury bell	claggan
cant expression	dooyrtiman
cant phrase	lieh-ockle
capitation basis	rere king
capitation grant	toyrtys ching
capped petrel	kirree varrey bayrn-doo
capstan lathe	deill toghyragh
Captain's Enclosure	Close y Captan
Ir. gluaiste	carr; cayr; sleod
caraway seeds	sheel carvish
carbonic acid	geayr carboanagh; sharroo carboanagh; soorid geayl
carborundum stone	clagh charbrym
Cardle Fold	Bwoaillee Cardle
Caribbean Sea	Vooir Charibagh
Carine's Farm	Balley Carine
carline thistle	onnane airhey; onnane sleeantagh
Carmick's Farm	Balley Garmin
Carney's Fold	Bwoaillee Carney
Carnigan's Place	Carnigan
Carnot cycle	chymshal Carnot
Carnot engine	jeshaght Charnot
carob bean	poanrey carob
carob tree	billey locust
Caroon's Farm	Balley Caroon
Carown's Garden	Garey Carown
Carpenters' Cave	Ooig ny Seyir
carpet broom	skeaban brat laare
carpet knight	far-reejerey
carpet slippers	carraneyn thie
Carran's Croft	Croit y Carran
Carran's Farm	Balley Carran
Carran's Hollow	Lheannee Charran
Carran's Lake	Lough y Carran
Carrick Mews	Close ny Carrickey
carrier tricycle	tree-queeyllagh ymmyrkey
Carrin's Croft	Croit Carrin
Carrown's Croft	Croit ny Carrown
Cartesian diver	thummeyder Cairteesagh
Cartography Section	Fo-rheynn Kaarteyrys
Cartoile's Farm	Ard Ole
cartridge belt	cryss chartoose; cryss laadee
cartridge case	coodagh cartoose
cartridge paper	pabyr cartoose
cartridge pouch	poagey cartoose
Casement's Farm	Balley Casement
Casement's Hill	Cronk Casement
Cashen's Fold	Bwoaillee Cashen
Cashen's Gap	Doarlish Cashen
Cashin's Enclosure	Close y Cashin
Cashin's Flat	Faaie Cashin
Cashin's River Meadow	Lhiondaig Cashen
Cashin's Shrubbery	Garee Cashin
Cashin's Turbary	Moanee Cashin
cash less discount	argid loojey dooraght
Caspian tern	sternag Chaspagh
Cassidy's Field	Magher Cassidy
Castle Court Apartments	Aarasaneyn Cooyrt y Chashtal
Castle of the Enclosure	Cashtal y Close
Castleward Green	Faaie Rheynn y Chashtal
cat burglar	gaddee drappal; maarliagh drappal
Catherine's Church	Keeill Catreeney
Catherine's Field	Magher Catreeney
Catherine's House	Thie Chatreeney
cat's cradle	clean kayt
cat's ear	cleaysh chiyt
Cat's Fold	Bwoaillee Chayt
cat's fur	clooie chayt
Cat's Hill	Cronk y Chayt
Cats' Home	Thie ny Kiyt
cat's tail	kayteen
cattle bot	carthan ollee
cattle drover	guilley yn ollee
Cattle Enclosure	Close yn Ollee
cattle grid	cleeah ollee
cattle murrain	chonnagh
cattle ranch	ransh ollee
cattle truck	truck ollee
Cauldron Field	Magher y Coirrey
caulking iron	yiarn jeenee
Causeway Shrubbery	Garee Cassey
caustic soda	soda loshtagh
caustic wit	caaynt gheyre
cautionary tale	skeeal raauee
Caves' Shore	Traie Ooigyn
Cecilia's Chapel	Cabbal Keyl
celandine greater	lus ny gollan geayee
celandine lesser	lus ny mlainyn
celibate woman	moidyn
cell membrane	far-chrackan killag
centrifugal force	niart mean shaghnagh
cerebral palsy	anlheiltys kerebellagh
cerebrospinal fluid	fliughid kerrodrommey
cere cloth	eaddagh oaye
Certificate of course completion	Teisht Cooilleeney Coorse
chain adjuster	chionntane driaght
challenge cup	cappan doolane
chamois leather	crackan goayr ny greg; shammee
Champion's Mountain	Keppel
charcoal drawing	linneeaght gheaylee
Charcoal Farm	Colby
charge as battery	cur trimmid ayn
Charles' Court	Close Chalse
Charles' Croft	Croit Charles; Croit Chalse
charnel house	thie craue; thie craueyn; ulley
Charry's Bridge	Droghad Charry
Charry's Croft	Croit Charry
Charry's Farm	Balley Charry
Charry's Point	Gob Charry
chart as trade	cur kaart da
chart by sounding	suntal
chartered accountant	coontyseyr kaartit
chart house	shamyr chaart
cheap morally	cur nearey er
checkers board	boayrd tawlish
check valve	glass-chooylley
cheek by jowl	cosh ry cholbey
cheese taster	blasseyder caashey
chemical bond	kiangley kemmigagh
chemical change	caghlaa kemmigagh
chemical complex	ard-hroggalys kemmigagh
chemical element	bunstoo
chequer cloth	aanrit breck
cheque uncrossed	sheck neuchrossit
Cherished Registration Mark	Cowrey-recortyssee Keainit; Cowrey-recortyssee Ennoil
Ir. ficheall	feeal
chess piece	fer feeal
chess player	feealee
chestnut-sided warbler	kiaulleyder Pennsylvania
Cheviot sheep	keyrrey veayl; keyrrey veayll
chew noisily	cranshal
Chicken's Rock	Carrick ny Colloo; Carrick ny Kylliu; Carrick ny Keylliu
chick pea	pishyr chirkey
chief councillor	ard-chooinseilagh; ard-choyrleyder
Chief Operating Officer	Ard-offishear-obbree
Chief Secretary's Office	Oik yn Ard-scrudeyr
chilling room	shamyr feayree
chiming clock	clag clingagh
China aster	aster Sheenagh
Chinese raspberry	smeyr yiarg
choc ice	riojag shocklaid
chock up	jeenysal; jeenysey
choke pear	peear sharroo
cholera belt	cryss chollyr
choosing your accommodation	reih dty aaght
choral music	kiaull chochiaullee
christening cake	berreen vashtee
christening card	kaart bashtee
Christening Day	Laa Bashtee
Christian Monitor	Fer Raauee Creestee
Christian Scientist	skeandagh Creestee
Christian's Croft	Croit y Christeen; Croit Chreesteeney
Ir. Nollaig	Nollick; Nollick Vooar; Laa Nollick Beg
Christmas cracker	bleaystag Nollick; poltag Nollick
Christopher's Farm	Balley Quitchell
Christry's Farm	Balley Christry
chromatic acid	soorid cromaidagh
chromium plating	kroym choodagh; kroym-choodaghey
chronological order	rere ny dateyn; rere ny laghyn
chuck about	ceau mygeayrt
Chuck it	Lhig jeh
chuck up	ceau neese
Church Enclosure	Close y Killey
Church of the Oaktree	Keeill Darey
Church of the Sloes	Keeill Airney
church reforms	caghlaaghyn-Agglish
Ciaran's Church	Keeill Corrony; Keeill Corrody
Ciaran's Well	Chibbyr Ciaran
cigar case	askan sigar
cinder sifter	creear smarage
cinema star	rollage scannane
circumflex accent	slattag lhoobagh
cirl bunting	pompee wuigh
citric acid	soorid kidragh
citril finch	corkan buigh
City of London Corporation	Co-chorp Ard-valley Lunnin
civil disturbance	rouan
Clague's Farm	Balley Clague
Clague's Marsh	Curragh y Clague
clamp of potatoes	carnane praaseyn
Clarence Terrace	Strane Clarence
Clark's Enclosure	Close Clark
classical bagpipe music	kiaull mooar
classical music	ard-chiaull
classic motorbikes	roaryn-bree classicagh
Classic Nostalgia Weekend	Jerrey-shiaghtin Foddeeaght Classicagh
clauses stage	keim-oltyn
clearance certificate	teishtys eeck
clearance sale	ard-chreck
clear tariffs	taillaghyn cronnal
Clear Well Enclosure	Close y Chibbyr Ghlass
Cleator's Croft	Croit y Cleator
Cleator's Farm	Balley Cleator
Cleft of the Lakelet	Gaaig y Loughan
Clement's Hill	Cronk Clement
Cleopatra's Needle	Leac Chleopatra
Clerk's Farm	Balley Cleyree
Clerk's Flat	Faaie Cleree
Clerk's Fold	Bwoaillee yn Chleyree
Clerk's Garden	Garey ny Cleragh
Clerk to the Justices' Office	Oik Cleragh ny Briwnyn
clever feat	dedje
climbing corydalis	flee yn thoo
climbing irons	yiarnyn slieau
clincher nail	treiney whuaiyllee; whaaley
clog dance	daunse braag vaidjagh
close fisted	gortagh; peajeogagh; sondagh
Close Fletcher	Close Fletcher
Close Kennish	Close Kennish
clove of garlic	ingin gharleid
clutch plate	plait
Clypse Road	Raad Clypse
coal barge	barje geayil
Coalfish Harbour	Purt y Bloghan
Coalfish Place	Boayl ny Blockan
coal heaver	geayleyder
coaling station	purt gheayil
coal scuttle	kishtey geayil
Coarys Cur gys Lieh son Persoonyn	Attribution Regime for Individuals
coastwise shipping	lhuingys slystagh
coastwise trade	cooseyraght
Cobbler's Croft	Croit y Greasee; Croit y Ghreasee
Cobbler's Mill	Mwyllin y Ghreasee
cobbler's stone	clagh ghreasee
cobbler's wax	kere
cob nut	cro keylley mooar
Cockerel's Croft	Croit y Chellee
code letter	coad-lettyr
code of conduct	coad-stiuree
code word	coad-ockle; fockle dorraghey
cognitive science	smooinaghtoaylleeaght
cog rail	railley feeacklagh
cog wheel	queeyl eeacklagh
coiled spring	lheimaghan caslit
coiled tube	feddan lhoobagh
Cojeen's Farm	Balley Cojeen
cold blooded	beiyn as fuill feayr ayn
cold chisel	guilb creoi
Colden Lane	Lhoan Colden
cold snap	tammylt feayr
collared dove	calmane coillaragh
collared flycatcher	skybbyltagh coillaragh
collared pratincole	pratincoyl coillaragh
collar stud	taggad
Colley's Croft	Croit Colley
Collins Lane	Lhoan Collins
Collister's Farm	Balley Collister
Collum's Croft	Croit Chollum
colonic hydro therapy	lheiys-ushtey collaneagh
Colorado beetle	caraig ny braase
Colorado river toad	rannag awin Colorado
coloured narrative	fynn-skeeal
Colquitt's Croft	Croit Cholquitt
Colquitt's Land	Thalloo Colquitt
Columba's Eve	Oie Cholum Keeilley
columnar rock in sea	eekad
Colum's Farm	Balley Colum
Colvin's Mill	Mwyllin Colvin
Colvin's Slope	Liargee Colvin
Comain's Grove	Ros Comain
combine harvester	buinneyder mooar
comet tail	faasaag
comic opera	kiaulldramey aitt
Comish's Farm	Balley Comish
Comity of Nations	Cooyrtoilid ny hashoonyn
commercial stakeholders	cummeyderyn-gioaldyn traghtee
comminuted fracture	brishey scolbagh
Commissioners' Office	Oik ny Barrantee
committal papers	pabyryn-kyndee
committee's chairman	caairlagh y ving
common chamomile	lus y lheihys
common cow-wheat	lus y taggyrt
common denominator	co-enmysser; co-ennymeyr
common divisor	co-rheynneyder
common factor	co-faghteyr
common inkcap	mooyn moddee; shalmane ny faaieaghyn
common-law court	quaiyl theayee
common mallow	lus ny moyl mooarey
common melitot	croobag cheylley
common milkwort	bollan Vreeshey; bollan y chee
commonplace book	lioar chooinaghtyn
common sandpiper	looyran; leayrane
common sea urchin	kione kiyt
common speedwell	chengey baa
common tern	gant; gant cadjin; gollan marrey
common vetch	pishyr chabbil
Commonwealth Parliamentary Association	Co-heshaght Ardwhaiyllagh y Cho-unnaneys
common yellow lichen	scryss buigh ny greg
Community Enterprise	Ventyr Pobble
Community Plus	Co-phobble Plus
community volunteer	arryltagh co-phobble
compact disk	jysk cumir
comparative information analysis	oltscarrey-fysseree cosoylagh
composting agent	molmeyder
composting facility	seyraad-vooireen
compulsory acquisition	goaill er egin
computer consumables	cooid cho-earrooder ry cheau
concoction of lies	lhie-vreag
concrete case	cooish yeen
condiment set	aunlyntane
conduits of communication	ammyryn d'eddyr-insh
confidence trickster	molteyr
Congregational Church	Agglish Chohionnalagh
conic section	giarrey cughlinagh; trass-yiarrey cughlinagh
Conley's Church	Keeill Coonlagh
Conley's Farm	Balley Conley
con man	kialgeyr; molteyr
connecting rod	slat chianglee
Connell's Croft	Croit Chonnell
Conolye's Enclosure	Close Conolye
conscientious objector	cooinsheansagh
consecutive points	poyntyn colhiantagh
consignment note	screeuyn laadee
Constable's Enclosure	Close y Constable
Constituency of Garff	Rheynn-reihys Gharff
Constituency of Malew and Santan	Rheynn-reihys Valew as Stondane
construction schemes	skeimyn-troggal
constructive total loss	lane cailjynys
constructive works	obbraghyn troggee
Consultant Breast Cancer Surgeon	Laue-lhee Coyrlee Kahngyr-keeagh
consulting engineer	jeshaghteyr coyrlee
consulting hours	ooryn coyrlee
consulting room	shamyr choyrlee
consumer psychologist	shicklaagagh-ceaueyder
consummate liar	ard-vreageyder
contact lens	lens kiaddit; sooillag lhiantagh
contact lens solution	tooslaggan sooillag lhiantagh
continental craft and food fair	margey keird as bee ass y; heer vooar
continental shelf	ymmyr vooarheeragh
contingency plans	plannyn-tuittymaght
contortion of spine	croobid drommey
contour map	caslys ym-linnaghyn
contributing to tillage	traauee
controlling stake	ronney-stiuree
controlling your own destiny	stiurey raad dty vea hene
Control of Employment Appeals Tribunal	Binsh Aghinyn Stiurey Failley
control zone	ard-gurneil; ard-stiuree
conveyor belt	cryss ymmyrkee
cony burrow	guaig chonning
Cooil's Farm	Balley Cooil
cookery book	lioar choagyrys
cooking utensils	greienyn coagyraght
Coole's Enclosure	Close y Coole
co-operative society	sheshaght cho-obbragh
Cooper's Croft	Croit Cooper
Cooper's Flat	Faaie Chubeyr
Cooper's Meadow	Lheannee Cubeyr
co-ordinating adviser	coyrleyder cho-oardee
Co-ordinating Adviser Primary Education	Coyrlagh Co-Oardee ny Bunscoillyn
cope stone	clagh vullee
co-phobble ynnydagh	local community
coping saw	saaue cruillagh
copperplate engraving	grainnaghey plait cobbyr
copper wire	streng chobbyr; streng chopuir
Copse Hill	Cronk ny Keylley Veg
copying ink	doo aascreeu
copying press	faastan aascreeu
copyright reserved	gagh kiart tashtit
copy typist	clou-aascreeuder
Corage's Fold	Bwoaillee Corage
Coraige's Enclosure	Close y Coraige
Coraige's Farm Enclosure	Close Balley Coraige
coral reef	rinn chorrylagh; sker chorralagh
cor anglais	cayrn Sostnagh
Corkan's Quarter	Kerroo Cruinn
Corkill's Croft	Croit Corkill
Corkill's Farm	Balley Corkill
Corkill's Turbary	Moanee Orkill
Corkish's Croft	Croit y Corkish
Corkish's Farm	Balley Corkish
Corkish's Field	Magher Chorkish
Corlett's Croft	Croit y Curleod; Croit Corlett; Croit y Corlett
Corlett's Farm	Balley Corlett
Corlett's Stream	Strooan Curleod
Corlett's Turbary	Moanee Curleod
Cormorant's Cleft	Scarlett
Cormorant's Rock	Creg y Shag
Cormorants' Rock	Creg ny Scarroo
corn camomile	lus yn vynlagh
corn chandler	delleyder arroo
corn dolly	babban ny Mheilley; voidjyn
corned beef	feill vart sailjey
Corn Enclosure	Close yn Arroo
Corner of the Fence	Cooil Cleigh
Corner of the Lakelet	Corneil y Loughan
Corney's Fold	Bwoaillee Corni
corn marigold	bastag wuigh; blaashagh buigh; jean airhey
Corony Big Field	Magher Mooar ny Corrony
Corony Mountain Road	Bayr Slieau ny Corony
Corpus Christi	Jerdein Chorp Chreest
Corraige's Farm	Balley Corraige
Corran's Mill	Mwyllin y Corran; Mwyllin Corran
correspond by letter	co-screeu
corridors of power	corradoyryn yn phooar
Corrin's Croft	Croit y Corrin; Croit Corrin; Croit ny Gurrin
Corrin's Enclosure	Close Corrin
Corrin's Hill	Cronk Corrin
Corrin's Quarter	Kerroo Corrin
Corris' Farm	Balley Corris
corrugated iron	yiarn craplit; yiarn roaganagh
Corteen's Croft	Croit y Corteen
Corteen's Enclosure	Close Corteen
Corteen's Farm	Balley Corteen
cosine curve	cruill co-heenyssagh
cos lettuce	lettys liauyr
cosmic dust	joan y tuinney
cosmic wind	geay ny greiney
Cosnaghan's Land	Thalloo Quislin
Cosnagh's Farm	Balley Cosnagh
Cosnahan's Farm	Balley Cosnahan
Cosnahan's Shieling	Eary Cushlin
Costain's Croft	Croit Costain
Costain's Field	Magher y Costain
Costain's Fold	Bwoaillee Costain
Costain's House	Thie Austeyn
Costain's Rock	Creg Costain
Costa Rica	Coose Ber; hagh
cost of production	costys jannoo
cosy for teapot	coodeyder
Cotch's Farm	Balley Cotch
Cotteen's Croft	Croit y Cotteen; Croit Cotteen
Cottier's Croft	Croit Cottier
Cottier's Enclosure	Close Cottier
Cottier's Farm	Balley Cottier
Cottier's Flat	Faaie Cottier
Cottier's Gardens	Garaghyn Chottier
Cottier's Marsh	Curragh Cottier
Cottier's Meadow	Lheannee Cottier
Cottier's Turbary	Moanee Cottier
Cottiman's Croft	Croit Cottiman
Cottiman's Shieling	Eary Cottiman
counterfeit coinage	argid foalsey
counterfoil and leaf	duillag as coghuillag
County Clare	Coontae yn Chlaair
coup de grace	builley baaish
Courier Office Lane	Lhoan Oik y Roieder
Court Enclosure	Close ny Cooyrtey
Courtney's Farm	Balley Courtney
Court of General Gaol	Quaiyl y Phryssoon
covalent bond	kiangley cofioosagh; nastey co-ioosagh
Cowboy Builders and Bogus Callers	Troggeyderyn Camlaagagh as Keayrtee Vreagagh
cowed person	cruill
Cowell's Farm Flat	Faaie Valley Cowell
Cowell's Farm Glen	Glion Valley Cowell
Cowell's Farm Scrub	Garee Valley Cowell
Cowell's Meadow	Lheannee Cowell
Cowen's Farm	Balley Cowen
Cowin's Croft	Croit y Cowin
Cowin's Farm	Balley Cowin
Cowin's Hill	Cronk y Cowin
Cowin's Rock	Creg y Cowin
Cowle's Croft	Croit y Cowle
Cowle's Division	Rheynn Owle
Cowle's Farm	Balley Cowle
Cowle's Farm Pasture	Pairk Valley Cowle
Cowle's Field	Magher y Cowle; Giat y Chowle
Cowle's Flat	Faaie Cowle
Cowle's Fold	Bwoaillee Cowle
Cowle's Hollow	Coan y Cowle
Cowle's Land	Thalloo Cowle; Thalloo Chowle
Cowle's Marsh	Curragh Cowle
Cowle's Mill	Mwyllin y Cowle
Cowle's Nook	Cooil y Cowle
Cowle's Wasteland Croft	Croit Cowle y Reeast
Cowley's Enclosure	Close y Cowley
Cowne's Glen	Glion Cowne
Cows' New Fold	Bwoaillee Noa ny Baa
Craige's Enclosure	Close y Craige
Craige's Gate	Giat Craige
Craige's Road	Giat Craige
Craig's Enclosure	Close Craig
Craine's Enclosure	Close Craine
Craine's Farm	Balley Craine
Craine's Marsh	Curragh Craine
Craine's Shrubbery	Garee Craine
cramp iron	crampey; yiarn crampagh
crane's bill	lus ny freenaghyn mooarey; lus ny h-ashlish
crank arm	baccan croymmane
crank axle	essyl chroymmane
crank pin	freeyney croymmane
crass ignorance	jiarg almoraght
crass stupidity	jiarg ommidys
cream cracker	brishlag
cream jug	podjal key
cream of tartar	tartyr gial
Crebbin's Farm	Balley Crebbin
credit rating	raatys-daill
creeping buttercup	buighag
creeping yellow-cress	cresh ny giark
Creer's Clepp's Farm	Clepps y Creer
Creetch's Farm	Balley Creetch
Creetch's Hill Slope	Liargee Chreetch
Cregart's Farm	Balley Crickyrt
Cregeen's Shrubbery	Garee Cregeen
Creg ny Baa Back Road	Raad Cooyl Chreg ny Baa
Creg Willey's Hill	Creg Willy Syl
me de la cr	key mullee
me de menthe	eaghtyr-mynthey
Crene's Hill	Cronk Crene
Crennell's Farm	Balley Crennell
Crennell's Flat	Faaie Crennell
crested crane	coar cheyjeenagh
crested lark	ushag vooar-happagh
crested tit	myntan kereenagh
crested titmouse	drean eairkagh; drean mollagh
Criminal Prosecutions Division	Fo-rheynn Shual Kimmeeagh
Cripple's Croft	Croit y Vartaragh
Cripple's Summit	Mullagh y Vartaragh
Cristen's Farm	Balley Cristen
Cristory's Glen	Glion Cruggerey
critical care	kiarail hrome-chooishagh
Croak's Farm	Balley Croak
crochet hook	birrag chroeshey
Croft of the Cairns	Croit ny Garnane
Croft of the Grubs	Croit ny Grooag
Croft of the Lakelet	Croit y Loughan
Croft of the Turbary	Croit ny Moaney
Crokane's Place	Crokane
Cronkbourne Road	Raad Strooan y Chrink
Cronk y Berry Mews	Cooyrt Cronk y Berree
Cronk y Voddy	Cronk y Voddee
crop cutters	beayneeyn; buinneyderyn
crossbench car	carr tessenvinkagh
crosscut saw	crosh-saaue
cross one's T's	obbyr y yannoo dy cruinn; T-ghyn y chrossey
Cross's Enclosure	Close Cross
Cross's Farm	Balley Cross
Crovan's Close	Close Ghorree Crovan
crow's foot	cass guiy
Crow's Hill	Cronk ny Fannag
Crow's Ness	Cregneash
crow's nest	cronnag; edd craue
Crow's Rocky Place	Creggan yn Annag
crude oil	ooill aw
cruise liners	laineyryn-turrys
Crye's Fold	Bwoaillee Crye
Crynane's Farm	Balley Crynane
Cry's Farm	Balley Cry
Cry's Garden	Garey Cry
Cry's Quarter	Kerroo Croie
crystal gazer	fadeyr crystal
Cubbon's Bridge	Droghad Cubbon
Cubbon's Croft	Croit y Chubbon; Croit Cubbon
Cubbon's Farm	Balley Cubbon
Cubbon's Gap	Doarlish Cubbon
Cubbon's New Enclosure	Close Noa y Cubbon
Cubbon's Rock	Creg y Cubbon
Cubbon's Shrubbery	Garee Cubbon
Cubbon's Tiny Shrubbery	Garee Beg y Cubbon
cube root	fraue chiubagh; fraue kioobagh
cubic foot	trie chioobagh
cubic measure	towse kioobagh
cubic metre	meter kioobagh
cultivated land	thalloo lhiasit
cultivating machine	jeshaght reuyree
Cundre's Farm	Balley Cundre
Cunner's Lake	Lough Cunner
Cunnery's Croft	Croit Cunnery
cunning craftiness	croutyn cluicagh
cup valve	cooylley chappanagh
curator of social history	curmeyder shennaghys theayagh; curmeyder shennaghys sheshoil
curlew sandpiper	looyran crottagh; leayrane crottagh
curling challenge match	troddan doolane curlal
curling iron	clou cassee
curly kale	caayl cast
Curphey's Farm	Balley Curphey
Currin's Mountain	Slieau Curn
Curry's Big Farm	Balley Curn Mooar
Curry's Farm	Balley Curry; Balley Curn
Curry's Marsh	Curragh Curry
Curry's Narrow Farm	Balley Curn Keyl
curvature of the spine	cammid drommey
curving uphill road	bollagh; bollee
Cushion Croft	Croit y Chushen
Cushtal's Land	Thalloo Chustal
custard apple	ooyl custart
custard powder	poodyr custart
customer scheduler	skedjallagh custymeyryn
customs clearance	glenney custym
Cutchal's Girl's Croft	Croit Inney Cutchal
Cuthbert's Farm	Balley Coobragh
cylindrical boiler	coirrey rollianagh
Czech Republic	Phobblaght; heck
daily ration	rheynn laaoil
dairy cow	booa vluight
dairy farm	ferrym bainney; gowaltys bainney
dairy farmer	eirinagh bainney
dairy farming	eirinys bainney
dairy maid	caillin bainney; inneen vlieaun
dairy produce	troar vainney
dairy science	oaylleeaght vainney
Daisy Bank	Broogh ny Neaynin
daisy chain	geuley shee
daisy covered	neayninagh
Daly's Place	Boayl Daly
Daly's Ridge	Dreeym Daly
damask colour	jiarg Damaskagh
damask silk	sheeidey Damaskagh
dame's violet	lus ny ben seyr
damson fruit	airnag; damsyl
damson tree	billey airnag
Dane's Daughter Rock	Creg Inneen ny Dane
dane's elder	tramman veg
Dan Lace's Croft	Croit Dan Lace
Danny's Hill	Cronk Danny
dapple grey	cabbyl breck
dapple grey horse	cabbyl gorrym
dark bush-cricket	criggad y thammag dhone
dark-looking girl	smittag
darkly dull	keeir
darning egg	kiap darnail
darning mushroom	shalmane darnail
darning needle	snaid gharnail
Dartford warbler	drean aittin; kiaulleyder aittin; kiaulleyder jiarg
Data Protection Supervisor	Oaseir Coadey Fysseree
datum line	bun-linney
Daurian starling	trutlag Dauriagh
Davy's Hill	Cronk Davy
Dawson's Place	Boayl Dawson
Dawson's Top	Mullagh Dawson
day not juridical	marroo-laa
day tripper	turrysagh laa
deadly nightshade	lus y vaaish
Dear Homestead	Balley Meen
death certificate	teisht vaaish
death knell	clag baaish
deathlike colour	daah yn vaaish
death omen	monney baaish
death throe	greim baaish
debit balance	corrillagh feeaghanagh
debit card	kaart feeaghyn
debt collector	chagleyder feeaghyn
decimal notation	noteyraght jeihoil
decimal place	ynnyd jeihoil
decimal point	cowrey jeihoil; poynt jeihoil
decompression sickness	chingys jee-traastey
decoy duck	thunnag chleaynee
Deemster's Enclosure	Close y Vriw
Deemster's Road	Bayr y Vriw
Deemster's Rock	Creg y Vriw
deep-draw well	chibbyr hayrnee
deer's grass	faiyr-feeaihee
deer stalking	feeaihaght
De La Poer Farm	Poer Ton
delf blue	delf-ghorrym
delft blue	delf-ghorrym
delirium tremens	branlaadys y poht; rouailley jough
Demesne Road	Raad Chiarnys
Dental Act	Slattys Feeackleyraght
dental caries	loauid feeackle
deoxyribonucleic acid	geayrag daaocsyribbonucleagh; GDN
Department of Economic Statistics	Rheynn Staydraa Tarmaynagh
Department of Health and Wellbeing	Rheynn Slaynt as Follanys
Department of Tourism and Leisure	Rheynn Turrysid as Soccar
Depositors' Action Group	Possan-jantys ny Lhiaghteyderyn
Depositors' Compensation Scheme	Skeym-lhiasee ny Lhiaghteyderyn
depositor's compensation scheme	skeim-lhiasee lhiaghteyder
depot ship	lhong stoyr
depth of intellect	creenaght diunid
deputizing officer	fer oik ynnyd
derisive applause	bass-chraidey
designated areas	ynnydyn er-lheh
detailed account	mynchoontey
Devil's Altar	Altar y Jouyl
devil's bit	lus y chengey veg
devil's coach-horse	tarroo-deyill; caraig ny merriu
Devil's Elbow	Glion Cam
devil's snuff box	bluckan keyrragh
Devonshire Road	Raad Devonshire
dial-up access	entreilys jeeley-seose
diametrically opposed	kiart noi
dice box	craader
Dick's Enclosure	Close Dick
different clours	caghlaaghyn daah
different happenings	caghlaaghyn taghyrt
differential calculus	calghoolys anchaslyssagh
differentiate between	jannoo soiaghey eddyr
digestive biscuits	brishtagyn lheieagh
digestive trouble	chingys ghailley
Digital Asset Repository	Stoyr Vondeish Bun-earrooagh
Dik's Farm	Balley Gick
diminished standards of prosecutions	stundayrtyn injillit jeh shualyn
diminutive suffix	myn-amman
diplomatic service	shirveish ghiploamagh
direction finder	greie leeideilagh
directly infront	jeeragh roish
director and engineering manager	stiureyder as reireyder-jeshaghtys
Director of Prosecutions	Stiureyder Shualyn
directory app	app lioar-fysseree
Dirty Lakelet	Loughan Sallagh
Dirty Shrubbery	Garee Vreinn; Garee Vroigh
s Forum	Forym ny h-Anlheiltee
disciplinary tribunal	binsh-smaght
discount bank	banc dooraght
discount price	leagh brishee; leagh dooraght
disc zone	cryss-jysk
disgruntled person	talleyder
displaced person	fer gyn cheer
distilled water	ushtey drigit
distributive law	leigh scarree
diving bell	clag thummee
diving board	boayrd hummee
diving suit	cullee hummee
division lobby	cassan votal
divorce papers	screeuyn-scarree
Dockweed Farm	Balley Cabbag
Doctor's Lower Pasture	Pairk y Doctor Heese
Doctor's Upper Pasture	Pairk y Doctor Heose
dog clutch	crouw-chraag
dog daisy	bastag vane; neaynin mooar
dogfish eggcases	biol ferrish
dog's camomile	fennel ny moddee
Dogs' Hollow	Lhag ny Moddey
Dogs' Home	Thie ny Moddee
Dogs' Mill	Mwyllin ny Moddey
dog's-tail grass	faiyr chione mollagh
Doll's Croft	Croit Doll
doll's house	thie babban
dolly tub	tobbyr-niaghan
Domestic Appliances	Greienyn Thie
domesticated woman	ben vie thie
domestic finances	cooishyn argidoil sthie
dominical letter	lettyr yn Doonee
dominical year	blein yn chiarn
Dominican Republic	Phobblaght Ghominicagh
Donald's Enclosure	Close Donald
Donkan's Well	Chibbyr Donkan
donkey cart	cairt assyl
donkey colt	lhiy assyl
donkey engine	lhiass-innyl
donor bones	craueyn-toyrtagh
Doole's Farm	Balley Doole
Doole's Hill	Cronk y Doole
door panel	kerrin dorrysh
Dorgan's Farm	Balley Doraughan
Dorgan's Farm Marsh	Curragh Garraghan
dormer window	uinnag chlea
doss house	thie lhiabbagh
dots and dashes	ponkyn as skilleigyn
double-breasted coat	cooat dooblit
double breasted jacket	jaggad ghooblit
double cablestitch	cassey kirkey; lapp ny kirkey
double callipers	combaaseyn dooblit
double catastrophe	cragh er mooin cragh
double chinned	aasmeggylagh
double-dyed rogue	jiarg-vitchoor
double entendre	raa daa foyragh
double lens	lensey dooblit
double-pole switch	slattag ghaaphoullagh
double scull	baatey da jees
Doughan's Farm	Balley Dorghan
Douglas Athletics Club	Sheshaght Lheiltee Ghoolish
Douglas Bay Rotary Club	Club Rotary Baie Ghoolish
Douglas councillor	choonceilagh Ghoolish
Douglas Councillors	Barrantee Ghoolish
Douglas Courthouse	Thie-quaiyllagh Ghoolish
Douglas Crematorium	Thie-loshtee Ghoolish
Dover sole	liehbage-chiare
Dowan's Hill	Knock y Dowan
down-draught carburettor	carbreyder tayrn neose
Downe's Farm	Balley Downe
Downey's Place	Johneois
Downey's Quarter	Kerroo Downey
Down's Big Land	Dhowin Mooar
downward gradient	lhargagh
downy birch	beih yiarg
dowsing rod	slat chouyllagh
Doyle's Lea	Bane Doyle
Doyne's Farm	Balley Doyne
Dragons' Den	Ooig ny Draganeyn
drainage tube	feddan sheelee
drain plug	dhull
dramatis personae	cloiederyn
draper's shop	shapp eaddee
dreamy person	branlaadagh
dredge net	lhieen screebee
drenching rain	fliaghey fliugh; fliugh-liaghee
dried bull's penis	staaue
drinking pal	co-iuder; sheshey iu
Drinkwater Street Lane	Lhoan Straid Drinkwater
driving pulley	ullag immanagh
drummer boy	guilley drum
Dryad's saddle	jeelt ferrish; jeelt ny ferrishyn
Dry Enclosure	Close Chirrym
dry snot	brabban
dual carriageway	bollagh dooblit
tha Cliath	Balley Aah Cleeah; Divlin; Divlyn
Duck's Enclosure	Close ny Thunnag
duck's foot	cass hunnag; lus y nieu
ductless glands	fairaigyn gyn duct
duffel coat	cooat duffyl
Duggan's Farm	Balley Duggan
Duggen's Croft	Croit Duggen
Duke's Croft	Croit y Duke
Duke's Farm	Balley Duke
Duke's Milestone	Clagh Veeilley Duke
dulse leaf	ribbag
dumper truck	carbyd-arraghey
Dung Shrubbery	Garee Eoylley
duodenal ulcer	askaid chollaneagh
duplicate copy	coip dooblagh
duplicating machine	coip-ghreie
dura mater	moir chreoi
during Yuletide	er y Nollick
dusky thrush	treshlen ghorraghey
dusky warbler	kiaulleyder dorraghey
Duthracht's Chapel	Cabbal Druiaght
DVD player	cloieder JABE
dwarf birch	beih veg
dwarf conifer	myn-vearkanagh
dwarf cornel	billey coyin
dwarf lousewort	lus y chellan
dwarf planet	planaid crivassan
dwarf sun	myn-ghrian
dwarf tree	crouw; myn-villey
dwarf willow	shellagh ushtey; tuig y yeeigey
dyeing trade	daahderys
dyer's greenwood	lus y wuigh wooar
dyer's mignonette	lus y wuigh; wullee wuss
Dyer's Place	Boayl y Daahder
Eachainn's Place	Lann Eachainn
Eagle's Eyrie	Eairnerey
Eamonn's Farm	Balley Yemmey
eared grebe	eean kereen cleashagh
early forget-me-not	lus y lhiannan
Earnan's Shieling	Eary Earnan
earth closet	premmee; thie-veg
earth leakage	faarney thallooin
East Enclosure	Close Hiar
Easter Athletics Festival	Feailley Roortaghys y Chaisht
Eastern Civic Amenity Site	Ynnyd Jeelym Theayagh y Hiar; Ynnyd-orch Theayagh Hiar
East Shrubbery	Garee Hiar
East Timor	Teemor Hiar
Ecce Homo	Cur my ner yn dooinney
Eccles cake	soddag churran
ecclesiastical edict	raue agglish
eclipse of the moon	dooid ny heayst
eclipse of the sun	dooid ny greiney
eco project	shalee-eco
edging shears	jouishyn
editorial staff	fwirran reagheydys; lught screeuee; skimmee reaghee
Edmund's Enclosure	Close Edmund
education chiefs	leeideilee-ynsee
eelwrack root	binjean
egg flip	jough oohey
egg salad	glassan ooh
egg timer	ooreyder ooh
Egyptian nightjar	screeaghag oie Eajiptagh
ejection seat	caair hilgee
elapsed time	traa hie shaghey
Elderberry Rise	Crongan Tramman
Eleanora Drive	Bayr Eleanora
electoral reform	aa-chummey reihyssagh
Electoral Reform Bill	Billey Lhiasaghey Reihyssagh
electric accumulator	kishtey pooar
Electrical, Home and Toys	Cooid Lectragh, Thie as Gaihaghyn
electrical engineer	jeshaghteyr lectraghys
electric cooker	sorn lectragh
electric dryer	cheereyder
electric plug	plug lectragh
electric wall switch	corrag lectragh
electric wire	coair lectragh; streng lectragh
electron configuration	reaghey ny lectraneyn
electronic mail	post lectraneagh
electrovalent bond	kiangley lectrofioosagh
elegant tern	sternag aalin
elementary physics	bun-fishig
elementary school	bunscoill
elephant's trunk	strooh
Elfin Glen	Glion Elfin; Glion Valley Cowle
Ellen Cowle's Croft	Croit Ellen Cowle
Ellen's Nook	Cooil Ellen
Elletson's Farm	Balley Ellys
Ellison's Croft	Croit Ellison
El Salvador	Salvador
Elysian Fields	Cheer ny Aeg
embellishing note	notey oor
emergency ration	lowanse eginagh
Emily's Enclosure	Close Aimil
Empress Drive	Imman yn Ard-venrein
Empress Mews	Cooyrt yn Ard-venrein
emulsion paint	peint vluightoil
enactments spent	leighaghyn marroo
enamel ware	cooid chrooan
enchanter's nightshade	lus ny h-oie
Enclosure Hollow	Lhaggan y Close
Enclosure of Oats	Close Phlaggad
Enclosure of the Calves	Close ny Lheiy
Enclosure of the Graves	Close ny h'Oaie
Enclosure of the Lake	Close ny Loghey
Enclosure of the Mire	Close ny Laaghey
Enclosure of the Road	Close y Vollee; Close y Vollagh; Close y Vayr
Enclosure of the Style	Close y Keym
End of the Reef	Kione y Sker
End of the Turbary	Cass ny Moainee
End Shieling	Eary ny Gione
endurance racing	ratchal-mayrnaght
energy efficiency	fondid-bree
enforced labour	carriads
engineering brilliance	jeshaghteyrys aghtal
English stonecrop	bee ny shynnee
engraving needle	birran grainnaghey
en masse	ooilley-cooidjagh; ry-cheilley
environmental assessment	sess-chymmyltaght
Epsom salts	sollan Epsom; sollan sharroo; sulfait vagneish
Equatorial Guinea	Guinea Chryss ny Cruinney
equatorial surface gravity	trimmid eaghtyragh meanchiarkylagh
equinoctial gales	gaalyn Feill' Pherick; gaalyn Feill Vaayl
equinoctial tide	roayrt Feill Pherick; roayrt Feill Vaayl
erect bedstraw	follan fing; follan fynn
erect potentilla	crammylt muc
escape velocity	bieauid cosnee
Esconn's Church	Kirk Esconn
escort service	shirveish-chumraag
Eskimo curlew	crottag Arctagh
Essentials for Learning	Reddyn Femoil son Ynsaghey
et cetera	as nyn lheid; a.r.e.; as myr shen magh
eternal verities	feeridyn beayn
EU Code of Conduct Group	Possan Reillyn-ymmyrkee yn Unnaneys Oarpagh
European Capitals of Sport Association	Co-heshaght-spoyrt Ard-valjyn Oarpagh
European Code of Conduct Group	Possan Reillyn-Aghtee Oarpagh
European Community Sports Award	Aundyr-spoyrt y Cho-phobble Oarpagh
European Electronic Communications	Eddyrinsh Lectraneagh Oarpagh
European Union Code of Conduct Group	Possan Reillyn-ymyrkee yn Unnaneys Oarpagh
evil omen	drogh-vonney
Ewan's Pool	Poyll Ewan
bainney keyrragh	ass; Ex store; gyn
exam options	reihyssyn-scrutaght
exchange bureau	thie coonree
exclamation mark	cowrey yllee
exclusive street	straid liehlagh
ex-officio member	oltey trooid oik
exotic woods	foieeyn anghooghyssagh
Explore Newspapers and Journals	Ronsee Pabyryn-naight as Earish-lioaryn
Expressive Arts Zone	Kerroo ny h-Ellynyn Breeoil; Kerroo Ellynyn Breeoil
external pressure	broo mooie
external staircase	greeishyn mooie
extra hand	fer feayree
extraordinarily large	frangagh
extra-sensory perception	tastid gyn keeayllyn
extraterrestrial space	spoar
eye-browed thrush	treshlen ghrouigagh
fabric conditioner	meeineyder-eaddee
factor of safety	cooid hauchys
Faden's Farm	Balley Fadjeen; Balley Faden; Balley Fadine
Fairground Field	Magher Feailley
fair sex	mraane; dooghys aalin
Fairways Court	Cooyrt yn Aaie
Fairy's Enclosure	Close Ferrish
Fairy's Fence	Paal ny Ferish
Fairy's Pond	Loughan Ferish
Fairy's Well	Chibbyr Ferrish
fait accompli	nhee er ny jannoo; red cooilleeinit; red er ny jannoo
Falkland Islands	Malveenaghyn
false imprisonment	pryssoonys aggairagh
false sleeves	muinneelyn scart
Fanny's Shrubbery	Garee Fanny
fan-tailed warbler	kiaulleyder famman-sleaystagh
Faragher's Farm	Balley Karagher
Faragher's Mill	Mwyllin Aragher
Fargher's Farm	Balley Vargher; Balley Fargher
far in the remoteness of	foddey 'sy yoin
Farmers' Enclosure	Close ny Erinee
Farmhill Gardens	Garaghyn Balley Quirk
Farmhill Lane	Lhoan Balley Quirk
Farmhill Meadow	Lheeannee Balley Quirk
Farmhill Mews	Cooyrt Balley Quirk
Farm of Martin's Church	Balley Keeill Vartyn
Farm of the Nooks	Balley Injeigyn
Farm of the Piglets	Balley ny Bannoo
Farm of the Sheep-pen	Balley Nank
Farm of the Shieling	Beary
Farm of the Turbary	Balley Moaney
Faroe Islands	Ellanyn ny Geyrragh
Farrant's Croft	Croit Farrant
Farrant's Farm	Balley Farrant
Fatstock Marketing Association	Co-heshaght Margeeys Beiyn Roauyrey
fatty acid	geayr sahllagh
fatty tissue	blennick
fault finder	brahder fout
Fayle's Bridge	Droghad Fayle
Fayle's Farm	Balley Fayle
Fayle's Farm Callow	Balley Fayle y Callow
Fayle's Farm Cannell	Balley Fayle y Cannell
Fayle's Farm Kerruish	Balley Fayle y Kerruish
Fayle's Farm Marsh	Curragh Balley Fayle
Fayle's Farm Meadow	Lheannee Valley Fayle
Fayle's Farm Pature	Pairk Valley Fayle
Fayle's Fold	Bwoaillee Fayle
feather duster	fedjag ghlennee; skeaban clooie
Federated States of Micronesia	Steatyn Conastit y Vynneeys
feel nervy	er jeid
fell dyke	boalley cloaie; bun-chleighan
felo de se	dunverys jeh hene
female bison	booa oaldey
female donkey	laair assyl
Fence of the Cairn	Cleigh ny Howe
fence with gorse	aittinaghey
fencing bout	cliwederys
fencing master	mainshtyr cliwe
fencing school	scoill chliwderaght
fend off	builley y chastey
Fenella Avenue	Astyl Fenella
fen peat	moain churree
Fernee Cairn	Carnane Rhennee
Ferny Corner	Cooill Rhennee
Ferny Croft	Croit Rhennee
Ferny Enclosure	Close y Rhennee; Close Rhennee
Ferny Field	Magher Rhennee
Ferny Fold	Bwoaillee Rhennee
Ferny Folds	Bwoailtyn Rhennee
Ferny Hill	Knock Rhennee; Cronk Rhennee
Ferny Hills	Chrink Rhennee
Ferny Hollow	Coan Rhennee
Ferny Island	Ellan Rhennee
Ferny Isle Road	Bayr yn Ellan Rhennee
Ferny Nook	Cooil Rhennee; Cooill Rhennee; Cooil ny Rhennee
Ferny Place	Rhenniagh; Rhennee
Ferny Place Church	Rhennee Killey
Ferny Quarter	Kerroo Rhennee
Ferny Ravine	Coan Rhennee
Ferny Shrubbery	Garee Rhennee
Ferny Slope	Liargee Rhennee
Ferny Summit	Mullagh ny Rhennee
ferociously angry	gallvergagh
ferreting about	ronsaghey mygeayrt
ferreting out	ronsaghey magh
ferrous sulphide	sulfeed yiarn
ferruginous duck	laagh sooill-vane
Fertilisers and Feeding Stuffs Act	Slattys Toarrey as Stoo-beaghee
fetid chamomile	peie vreinn; sheenal
fever swamp	curragh chiassagh
field cress	pibbyr feie; pibbyr y dooinney boght
field foxtail	fiddag
field gentian	lus ny buighey
field madder	maddyr
field marigold	baskad wuigh
field marshal	marshyl-magheragh
Field of Cairns	Magher ny Garnane
field penny-cress	sporran y vochilley
field scabious	lus ny gramman gormey
field speedwell	chengey vaa
fifth columnist	queigoo colloonagh
filing cabinet	coyr choadan
filing clerk	cleragh coadan
film actress	ben-chloieder fillym
film and TV tie-ins	cochianglaghyn fillym as chellveeish
film camera	shamraig scannane
filter cartridge	cartoose sheeley
financial consultants	fir-choyrlee argidoil
financial restructuring deal	dellal argidoil ry-hoi aachummey
Finch's Farm	Balley Vinch
fine perspective	reayrt braew; reayrt mie
Fine Shrubbery	Garee Meen
fine-toothed comb	kere veein
fine vellum	crackan screeuee meein
fine velum	paar meein
Fingan's Church	Keeill Ingan
Fingan's Church Farm	Balley Keeill Ingan
fingerless glove	mithan
fiorin grass	feeryn; shaslagh vane
fipple flute	feddan millish
Fire Brigades' Union	Sheshaght-Cheirdee ny Fir-vooghee
fire bucket	cruick aile
fire precautions	kiarailys noi aile
first-aid outfit	cullee chied chouyr
first syllable	toshiaght-shillab
Firtree Hollow	Laggan Juys
Fish Garth	Fistard
fish hatchery	guirrlan eeast
fishing brogues	bootsyn ardey
fishing regulations	reillyn-eeastee
fishmonger's shop	shapp; eeast
fishy eye	sooill voaddee
fit of nerves	lheenree
fizzle out	cheet gys neunhee; cheet gys veg
flagrante delicto	lesh y red 'sy chuinney
flap valve	cooylley-rap
flare path	cassan sollys
flare up	streeu
flashes of lightning	chentyn-taarnee
flat pea pod	lhiannag phisheragh
Flats' Team	Skimmee Cummallyn-rea
Flaying Croft	Croit y Fannee
fleck of colour	breckag
fleck of dust	meer
fleck of light	lossag
fledged chicken	arrag
flesh tints	daahghyn yn chrackan
Fletcher's Farm	Balley Fletcher
flick of eye	meekey
flight of hurdles	straih
fling away	ceau voish
fling back	ceau er ash; tilgey er ash
fling down	ceau neose; tilgey er y thalloo
fling open	fosley magh
fling up	ceau neese
flip side	cheu hoal
floating debenture	benshyr roie
floating polygonum	glioonagh ushtey
floating sweetgrass	milljan ushtey
flogging a dead horse	custhey skeddan marroo
floor tile	cheel laarey; leac laarey
floppy disc	jysk lhoobagh
flour factor	delleyder flooyr
Flowery Green	Faaie Vlaa
Flowery Hollow	Lhag Blaa
flowery spoken person	blaader
flue brush	skeaban sooie
flue pipe	feddan jaagh
fluid drive	immanys sheeltagh
fluorescent lighting	stroo-hoilshaghey
flying buttress	buttoor croghit
Foals' Division	Rheynn Charree
fob chain	geuley ooreyder
focal point	boayl co-haglee
foggy drizzle	frough
foggy spring	arragh kayeeagh
folded camera	shamraig fillit
folding camera	shamraig fillee
Fold's Fold	Close Fold
food producers	troareyryn-bee
football jersey	gansee bluckan coshey
football togs	cullee vluckan coshey
foot lathe	deill coshey
Foot of the Turbary	Cosh ny Moaney; Cosh ny Moanagh; Cosh ny Moanee
forage cap	bayrn foddyragh
forage wagon	waggon ronsee
force majeure	laue-lajerys
Ford of the Docks	Aah ny Gabbag
fore and aft	veih toshiaght gys jerrey
forecasting office	offish faaishnee
forehand stroke	tool-vuilley
foreign nationals	ashoonee yoarree
forest ranger	gard keylley
Forestry Amenity and Lands Division	Fo-rheynn Keylljyn Buill-hoccar as Thallooyn
forked beard	faasaag daa veinn
forked lightning	tendreil gollagagh
Forked Meadow Field	Magher Goal Lheeanagh
fork-tailed petrel	gollan varrey
s tern	sternag Forster
founding fathers	bun-ayraghyn
four-leaved clover	lus ny kiare duillag; shamrag Voirrey
four-leaved shamrock	shamrag Voirrey
fowling piece	gunney eeanlee
Fox's Croft	Croit Fox
Fox Shieling	Eary Shynnagh
fox terrier	brockeyr shynnagh
fractional number	earroo corrillaghoil
fragment of cloth	ribbag
fragrant orchid	lus teiyt
frame aerial	aerag chlowan; speyragh
Framework Convention	Co-chruinnaght Crauelagh
framework for health improvement	crauelagh cour sharaghey slaynt
frank dialogue	co-haggloo jeeragh
freehand drawing	seyr-linneeaght
Freer's Farm	Balley Freer
free trader	seyr-chochionneyder
freight service	shirveish-lught
freight surcharge	sar-chostys lught
French lilac	losserey dy ghrayse
French plums	plumbisyn Frangagh
French Polynesia	Pholaneesh Rangagh
frequency changer	caghlaader mennickaght
Fresh Food Counters	Coonteyryn Bee Oor
fresh gale	gaal bioyr
fresh water condenser	co-ghlooder far ushtey
freshwater fish	eeast awin
Friar's balsam	balsym ny maynaghyn
Friary Park	Pairk y Vannishter
friction clutch	craag screebee
frigate petrel	kirree varrey vane-eddinagh
frigid zone	cryss feayr
Frissel's Slope	Liargee Frissel; Lhiargee Frissel
frock coat	cooat arbyllagh
Frog Place	Boayl ny Frog
frog spawn	gloagh rannag; oghyr rannag
from the outset	veih'n toshiaght
from time immemorial	er dy rieau
frontal attack	soiagh baaishagh
frontal bone	craue baaishag; craue yn eddin
front bencher	ard-vinkeyr
front elevation	linneeaght beealloo
Frost's Farm	Balley Cross
Frowde's Road	Bayr Frowde
fruit salad	sallaid mess
Fruit Snacking	Scobbaghyn Mess
full gale	congheay
full of bats	craitnagagh
full of earthworms	dhianeagh; dianeagh
full of pep	lane dy vree
full of vim	lane dy vree
Fulmar Lane	Lhoan Pibbin Vane; Lhoan Fulmyr
funeral wreathe	slongan oanluckee
funk hole	towl coadee; kemmyrk
fur necklet	colliar fynney
fur trader	delleyder fynnee
fuse wire	streng lheiagh
fusional language	hengey co-lheieagh
Future Energy Awards	Aundyryn Bree Traa Ry-heet
gaff sail	shiaull ard
Galapagos Islands	Ellanyn ny Gallopaag
gale cone	cughlin geayee
Gale's Farm	Balley Gale
gallery rifle	lught raifyl; raifyl cliaghtey
Gansey Bay	Baie ny Carrickey; Baie yn Eenaugh
Gansey Point	Gob Ghansee; Gob y Challoo
gaol delivery	folmaghey pryssoon
gap lathe	deill gaaigey
garden chickweed	flig
garden cress	cresh
Garraghyn's Farm	Balley Garraghyn
Garrett's Croft	Croit y Garrett; Croit Garrett
Garrett's Enclosure	Close Garrett
Garrett's Farm	Balley Garrett
Garrett's Island	Ellan Garrett
Garrett's Marsh	Curragh Garrett
Garrett's Mill	Mwyllin Garrett
Garrett's Point	Cramman y Garrett
Garrett's Road	Bayr y Garrett
gas burner	losteyr gas
gas cooker	sorn gas
gas fitter	kiarteyder gas
gas fittings	gliggyryn gas
gas generator	gas-gheinneyder
gas producer	gas-ghienteyder
gastric troubles	chingys gailley
Gaul's Enclosure	Close Gaul
Gawe's Farm	Balley Gawe
Gawne's Croft	Croit Gawne
Gawne's Farm	Balley Gawne
Gawne's Farm Road	Bayr Balley Gawne
Gawne's Road	Bayr Gawne
Gawne's Shieling	Eary ny Gawne
Gay's Farm	Balley Gay
gear ratio	geer-ronney
Gelding's Pen	Cro ny Bock
Gell's Enclosure	Close y Gell
Gell's Fold	Bwoaillee Gell
gem brooch	cliejeen vroghil
gene combination	cochiangle; gientag
general anaesthetic	cadlaghan
General Gaol Delivery	Quaiyl Folmaghey'n Pryssoon
general ledger	lioar choontee chadjin
general practitioner	fer lhee cadjin; fer lhee obbragh
generic name	ennym keintagh
genito-urinary clinic	lheelann gienychoil mooinagh
gents' toilet	premmee deiney
geological time	traa creg-oaylleeagh
George's Croft	Croit Yeorge
George's Hill	Cronk George
Gerahy's Farm	Balley Jerai
German measles	ghruight yiarg
germ carrier	ymmyrkagh bunniag
giant hogweed	farrane vooar
Giant's Fingers	Meir y Foawr; Meir y Foawir
Giant's Foot	Cass y Foawr
Giant's Footprint Bay	Baie Track ny Foawr
Giant's rock	Creg y Foawr
Giant's Shore	Traie Foawir
Gibb Lane	Lhoan Jib
Gibbon's Close	Close Gibbon
Gibbon's Croft	Croit Gibbon
gib staff	geu
giddy person	thollane
Gilbert's Croft	Croit Gilbert
Gilbert's Farm	Balley Gilbert
Giles Farm	Balley Yelse
Gill's Farm	Balley Gilley; Balley Gill
Gill's Glen	Glion Gill
gilt edges	oirryn airhey
gimlet eyes	sooillyn birragh
girlish male	soailtaght
Girl's Nook	Cooil Ineen
Girls' Rock	Creg ny Neen
giving fealty	ammyssaghey
glans penis	kione y woid
Glashtin's Hole	Towl y Glashtin
glass cabinet	cabnaid glenney
glass roofing	kione glonney
Glastonbury thorn	drine Yoseph
glaucous gull	caillagh; foillan glass
glazed frost	fliugh-rio
glazed-in light	londeyr; lostan fo glonney
Glen Auldyn	Glion Altyn
Glencrutchery Swimming Pool	Loghan Snaue Ghlion Chruitcherey
Glen Duff	Glion Duff
Glen of Mary's Fold	Glion Bwoaillee Woirrey
Glen of the Wethers	Glion ny Mohlt
Glen Wether Creek	Giau Lion Wether
global forum	forym-cruinney
Global High School Category	Rhenk Ardscoill Dowanagh
global strategic review	scrutaght strateishagh dowanagh
globe artichoke	blissane
glove fastener	dooneyder lauean
glowing heat	gred-hiass
glow worm	crooag yial; lamprag
glug glug	gluggal
snaid clag-greiney	Immee-jee; Gow er dty hoshiaght
go by	goll shaghey
go in	entreil; goll stiagh; To go into the army
going northwards	goll lesh y twoaie; goll my hwoaie
Golbrick's Croft	Croit Golbrick
golden mullet	mullad airhey
golden oriole	ushag airhey
golden pheasant	kellagh keylley airhey
golden stonecrop	lus ny lheiyee
golden-winged warbler	kiaulleyder skian-airhey
Goldie Terrace	Strane Goldie
Goldsmith's Enclosure	Close Goldsmith
golf club	maidjey golf; sheshaght golf; club golf
golf course	foain golf; magher golf
Golgane's Farm	Balley Golgane
Goliath frog	rannag Gholiath
good citizenship	jeih-heyraanaght
good listener	cleaysh liauyr
good looker	ben stoamey
good omen	jeih-vonney
good state of plumpness	ayns callin vie
good visibility	fakinaght vie; leayrid mie
go on	gholl er; To go on the shortest route
gooseberry bush	drine berrish
goose pimples	crackan kirkey
goose quill	fedjag ghuoiee
Gorge of the Glen	Braaid y Glionney
Gorge of the Oakwood	Breid ny Darragh
Gormane's Shieling Ford	Aah Eary Gormane
Gorry's Big Farm	Balley Gorry Mooar
Gorry's Farm	Balley Gorry
Gorry's Little Farm	Balley Gorry Beg
Gorse Enclosure	Close Aittin
gorse fence	aittinagh
Gorse Shrubbery	Garee Aittin
Gorsy Fold	Bwoaillee Connee
Gorsy Hill	Cronk Aittin
Gorsy Hill Field	Magher Knock Aittin
Gorsy Place	Connag
Gorsy Place Croft	Croit Chonnag
Gorsy Ridge	Dreeym Connee
Gorsy Rocky Place	Creggan Aittin
go to	immee gys
go up	goll seose; yrjaghey
Government Advocate-Advisory	Turneyr Coyrlee yn Reiltys
Government Advocate-Civil	Turneyr y Reiltys son Cooishyn Theayagh
Government Advocate-Criminal	Turneyr y Reiltys son Cooishyn Kimmeeys
government chaplain	saggyrt yn reiltys
Government Officers' Association	Sheshaght Fir-Oik y Reiltys
grafting knife	skynn noadee
Grafton Street	Straid Grafton
gramophone record	kereneen
Granary Farm	Balley ny Grangee
Grandmother's Croft	Croit Warree
Grandmother's Enclosure	Close Warree
Grandmother's Hill	Cronk Warree
grand opera	kiaulldramey mooar
Grandson's Hillock	Crongan O
Granite Mountain	Slieau ny Glagh
Granny's Croft	Croit Granny
Grant's Harbour	Purt Grant
granular ice	rio grineagh
grape hyacinth	gleiy vuc feeyney
graphical representation	tuarastyl kern-yallooagh
grappling iron	yiarn greimmee
grasp clumsily	clamey
L. foenum	cur lhieen er y thoar; cur thalloo fo faiyr; faiyr
grass widower	breck-ghooinney treoghe
Gravelly Bank	Ayrey
Graves' Field	Magher ny h'Oaieghyn
gravitational force	forsey; stoo
grease nipple	sheeiney smarrey
greasiness of sheep wool	sholl
Great Barrier Reef	Rinn Vooar
great crested grebe	greeb kereenagh
Great Dane	moddey Danvargagh
Great Datacentre	Ynnyd-fysseree mie er bashtal
great diving beetle	deyll-ushtey vooar
Great Enquest	Ving Vooar
greater fleabane	bossan jargan; lus y chartan; lus y taghys
greater reedmace	bossan doo; quiggal ny ben-shee
greater salad-burnet	lus vooar yn aile
greater stitchwort	lhieen ny ferrishyn
greater yellowlegs	goblan buigh
greatest preoccupation	currym smessey ec
great masterwort	flee vooar
great mullein	cainle Woirrey
great mussel	gob mooar
great northern diver	arrag vooar; thummeyder mooar
Great Raven's Nest	Edd Feeagh Vooar
Great Shieling	Eary Mooar
great spearwort	lus ny binjey
great starwort	lhieen ny ferrishyn
great willow-herb	lus y Trinaid
great woodrush	leaghyr cheylley
Greek Cypriot	Kypragh Greagagh
green bacon	bagoon gyn lhiasaghey
greengrocer's shop	shapp glassreeyn
Greenland falcon	shawk Loghlynagh
Greenland laver	sluggane
Green Manured Field	Toar Ghlass
green pea	pishyr ghlass
green sandpiper	looyran mooar; leayrane geayney
Green Shieling	Eary Glass
Green Shrubbery	Garee Ghlass
Greensills Corner	Corneil Greensill
Green Sward	Fank; Foaid Glass
Gregorian chant	kiaulleeaght ny h-Agglish
Grettir Farm Enclosure	Close Grest
Grettir's Farm	Grest
Grettir's Farm Croft	Croit Grest
Gretti's Farm	Gretch
Gretti's Lower Farm	Grettest Heese
grey catbird	kayteean lheeah
grey-cheeked thrush	treshlen ghlass-lieckanagh
grey gurnard	captan glass; crodane; crodane glass
Grey Lakelet	Loghan Glass
grey lichen	scryss lheeah
grey mullet	lunnag; mullad glass
Grey Shrubbery	Garee Lheeah
grey-tailed tattler	leayrane famman lheeah
grid leak	skeiy ghreilley
grid on map	ingagh
grievious pain	pian vooar
griffon vulture	bultoor griffag
grim countenance	gruaie
Grim Reaper	Baase
Grimshaw's Croft	Croit Grimshaw
grizzly bear	maghauin lheeah; mucawin-mollagh
grog blossom	jirgid stronney
Groudle Glen	Glion Ghroudal
Groudle Glen Cottages	Cottyn Glion Ghroudal
Groudle Glen Santa Trains	Traenyn Jishig y Nollick Glion Ghroudal
Groudle View	Reayrt Ghroudal
ground controller	stiureyder thallooin
ground zero	neunhee thallooin
group manufacturing division	fo-rheynn jantys-possan
Gubbon's Croft	Croit Gubbon
gudgeon pin	freeney ghudjyn
guelder rose	thramman sniaghtee; tramman ushtey
guerilla war	caggey cheerey; caggey keylley
guided missile	tilgane stiurit
dt's Redstart	Thoyn-yiarg G; ldenst
gull-billed tern	sternag ghob-doo
Gulls' Croft	Croit ny Voillan
Gulls' Meadow	Lheannee Voillan
Gull's Rock	Creg yn Oillan
Gull's Shore	Traie ny Foillan; Traie ny Voillan
gum acacia	gum arabagh
gum sandarac	rosin sandarac
Gunpowder Plot	Cochialg yn Phoodyr
Gushing Well	Chibbyr Skeah
Gusset Fold	Bwoaillee ny Gussad
Gusset Hill	Cronk Gussad
Guthrie's Memorial	Carn Guthrie
Gutter Field	Maghey y Guttyr
gutter press	pabyr-naight laaghagh
guttpock herring	skeddan gailley
guy rope	tead stiuree
gym shoe	braag lheiltys; kittys
gypsum quarry	quarral gypsum
habeas corpus	cur yn corp; screeuyn leigh y chorp
habitual aspect	grooish chliaghtagh
hackney carriage	carriads faillee
Haering's Farm	Orrisdale
Hags' Hollow	Lag ny Cailleeyn
hailing from	ass; Ship hailing from London
Hailwood Avenue	Astyl Hailwood
Hailwood's Rise	Ughtagh Hailwood
hairless face	eddin lhome
hairless hide	sheh fannit
hair mattress	matras geaysh
hairpin bend	lhoob geyre; lhoob giare
hair's breadth	lheead renaig
hair trigger	fo ghlass
hair-trigger lock	glass dooblit
hairy rock cress	burley garroo
hairy vetch	pishyr gharroo; pishyr yn arroo
Halcyon days	laghyn kiuney; kiune; meein
Half a sec	Tannee shallid
half-castrated ram	riggyl
half-grown pig	boannoo
che Shamhna	Oie Houney
halogen group	possan hallageenagh
Halsall's Flat	Faaie Halsall
Halsall's Hill	Cronk Halsall
Halsall's Shore	Traie ny Halsall
hammerhead shark	sharkagh kione oard
Hampton Farm	Balley Hontyn; Balley Huntan
Hampton's Court	Cooyrt Hampton
Hampton's Croft	Croit Hampton
Hampton's Road	Bayr Huntan
hand camera	shamraig laue
hand grenade	grenaid laue
hand-held computer	co-earrooder laue
Handley's Corner	Corneil Handley
hanging and quartering	croghey as tayrn
Hango Hill	Cronk y Chrogeree; Cronk y Chroghee
Haraldr's Slope	Horalett
Harcroft Meadow	Lheeannee Harcroft
Harcroft Road	Raad Harcroft
hard disk	jysk creoi
hard taskmaster	mainshtyr geyre
Hare's Croft	Croit Waagh
hare's ear	cleaysh woie
hare's foot	lus ny mwoie
hare's foot clover	cass mwaaee
hare's tail	cannagh
haricot mutton	feill cheyrragh phoanragh
harlequin duck	thunnag vreck; laagh Eeslynnagh
harpy eagle	urley raipagh
Harra's Farm	Balley Harra
Harra's Old Farm	Shenn Valley Harra
Harrison's Farm	Balley Kinry; Balley Harrison
Harris tweed	clo Harragh
Harry Sayle's Croft	Croit Harry Sayle
Harry's Croft	Croit Harry
Harry's Mill	Mwyllin Harry
hart's tongue	renniagh feeaih
hash up	aachummey
Hassna's Farm	Balley Hassna
haulage contractor	ymmyrkagh
Hauldry's Fold	Bwoaillee Hauldry
Hawaiian Islands	Ellanyn Hawaii
Hawk's Cliff	Wallberry
hawser pipe	feddan caabyl
Hay Enclosure	Close ny Traagh
headphones with intergrated microphone	cleayshane lesh co-veealag
heart valve	cooylley-chree
heat apoplexy	builley-hiass
ir. fraoch	freoagh; New heather; conney freoaie
Heather Enclosure	Ling Close; Close Freoaie; Close Ling
Heather Knoll	Cor Freoaie
Heathfield Drive	Imman Magher Freoaie
heath milkwort	lus y vainney
heath pea	pishyr sleitagh
heath stitchwort	lus y toar villish
heat insulator	chiass-jeeneyder
heat of fusion	hiass co-lheie
heat of vaporization	hiass; gaalee
heaving line	tead tayrn; tead tayrnee
heavy browed	trome-volleeagh
heavy flannel	kialter
heavy fleeced sheep	keyrrey vollagh
heavy jawed	trome-cheeillagh
Hedge Enclosure	Close ny Cleigh
Hedge of the Ramparts	Cleigh ny n'Arraghyn
hedge pink	lus y cheeabin
hedge woundwort	lus y lhott
hedging bill	corran chleiyee
he is	t'eh; He is mouldering in idleness/
Helmholtz energy	bree Helmholtz
hemp agrimony	jeshal
hempen rope	tead kennipey
hen harrier	shirragh ny giark
henhead knot	cront kione kirkey
Heni's Pasture	Hentrae
Henry's Farm Hill	Cronk Balley Kinry
herbaceous border	chemmal lussagh
Herbert's Rock	Clett Herby
Heritage railways	Raaidyn Yiarn yn Eiraght
Her Ladyship	Ven Chiarn
herring-bone stitch	whaaley frangagh
herring hog	perkin vooar
Hertzian waves	tonnyn Hertz
Hestine's Farm	Balley Hestine
hexagonal nut	cro shey-lhiatteeagh
Heywood's Bridge	Droghad Heywood
Hick's Farm	Balley Hick
hide sandal	carrane
Higgin's Croft	Croit Higgin
High Briery Place	Ard Ghressagh
high browed	gruaie-lhean
high-church service	shirveish ard-cheeill
high explosive	trean-vleaystagh
high explosive shell	shliggan trean-vleaystagh
high jinks	ard-chloie
High Lakelet	Ard Loughan
Highland Clearances	Skeayley ny Gaeil; Skeaylley ny Gaeil
Highlands and Islands Enterprise	Ventyrys y Ghaeltaght
highlighter pen	penn-soilshee
highly strung	naeragagh
high-peaked hat	edd birragh
high priced	ard ayns leagh
High Shieling	Ard Eary
high tariff walls	ard-choadey keeshagh
high tension	ard-voltys
high voltage	ard-voltagh; ard-voltys
Highway Code	Reill ny Raaidyn Mooar; Reillyn Raaidey
Hillberry Close	Close Cronk y Berry
Hillberry Heights	Ardjyn Cronk y Berry
Hillcroft Rise	Crongan Croit y Chronk
Hillock Enclosure	Close ny Nappan
Hillocks' Fold	Bwoaillee ny Gronkan
Hill of Abban's Church	Cronk Keeill Abban
Hill of Contest	Knock y Troddan
Hill of the Chieftain	Cronk y Toshee
Hill of the Distaff	Cronk ny Quiggal
Hill of the Hangman	Cronk y Chrogherey
Hill of the Kist	Cronk Koir
Hill of the Turbary	Knock ny Moaney
Hill of Vespers	Cronk Asbyrt
Hillside Croft	Croit ny Liargee
Hillside Farm	Balley ny Liargee
Hilltop Rise	Crongan Mullagh y Chronk
Hilltop View	Reayrt Mullagh y Chronk
hired killer	dunver failt
historic national identity	shenn jarroo-enney ashoonagh
hi-tech industries	jeadyssyn ard-; hagh
hoary willow-herb	lus ny shellee
hockey ball	crig
hockey stick	cammag; maidjey hockee
Hogell's Farm	Balley Huggal
Hogg's Croft	Croit Hogg
hog mane	mwing vaarit
hoi polloi	theay
hoisting engine	jeshaght hroggalagh
hoisting shaft	towl troggee
hoist up	crappey seose; troggal; yrjaghey
holiday accommodation	aaght-turrysagh
Hollandtide Eve	Oie Houney
Holly Shrubbery	Garee Hollin
Holmfield Close	Close yn Aaie
Holmfield Road	Raad yn Aaie
Holt's Hill	Ashole
Holy Grail	Grail Casherick
Holy Innocents	Maccan; Neufoiljee Casherick
holy rood	crosh casherick Chreest; crosh chasherick Chreest; maidjey chroshey
Holy Sacrement	Shibbyr y Chiarn
holy writ	scriptyr noo; scriptyryn noo
home-brewed ale	lhune thie
home handyman	coamreyder thie
Home's Enclosure	Close Home
Homestead Dale	Boayldyn
Home Utilities	Shirveishyn Thie
homologous chromosomes	kroymasoomyn homologagh
honeyed words	focklyn millish; focklyn milljey
honorary doctorate	doghtooraght onnoragh
hooded merganser	sheeltey choghyl
Hood's Pool	Poyll Hood
hoofed animal	crubbagh
hop grower	troggeyder lus y lhionney
hop trefoil	shamrag wuigh
horizontal axis	essylys cochruinnagh
horned poppy	barrag wuigh
hornless bull	tarroo meayll
hornless cow	booa veayll; meayllee
hors d'oeuvre	shleeuag
horse breeder	troggeyder cabbil
horsedrawn coach	fainagh cabbil
Horse Enclosure	Close y Cabbyl
horse leech	guillag chabbil; jiollag chabbil
horse mussel	gob dhone
horse pannier	murlhin chabbyl
horse pistol	pistyl markee
horse radish	raghyl feie
Horses' Enclosure	Close ny Gabbil
Horses' Lakelet	Loughan ny Gabbil
Horse's Rock	Creg y Chabbyl
Horses' Shrubbery	Garee ny Gabbil
horse's tail hair	geaysh; geaysht
hosiery work	obbyr oashyragh
Hospice Isle of Man	Spittal Vannin
hot air balloon	mollag aeragh
Hot Pie Cabinet	Coyr Pyaghyn Cheh
Houbara bustard	bustart Houbara
hound's tongue	chengey ny moddee
House Hill Shrubbery	Garee Cronk y Thie
Household Cleaners	Glenneyderyn Thie
housemaid's knee	glioonjys
housing review	scrutaght-thieys
how charming	s'cleaynoil; s'taitnyssagh
H.P. agreement	conaant maillee
Hudgeon's Croft	Croit Hudgeon
Hudsonian godwit	gob-kiare Hudson
hue and cry	yllagh as eam
Hugh's Hollow	Coan Hughey
hulking boy	glashtin
Hullo everybody	She nyn mea diu ooilley
human factor	cheu deiney
human immunodeficiency virus	veerys genney jeenaght sheelnaue; veerys genney ym-yeenaght sheelnaue
Human Resource Manager	Reireyder-skimmee
Human Resource Section	Fo-Rheynn Skimmee
humming and hawing	thittal
humpbacked person	cruitin
Humped Fold	Bwoaillee Cruitee
Hunter's Field	Magher Hunter
hunter's net	lhieen shelgeyragh
hunter's staff	lorg shelgeyragh
hurricane lamp	londeyr sterrym
hush money	argid tostid
hush up	mooghey; oanluckey
Hutchin's Big Cairn	Carn Mooar Hutchin
Hutchin's Farm	Balley Hutchin
hydraulic engineering	jeshaghtys ushtey-obbragh
hydrocarbon oil	ooill hydrocarbon
hydrochloric acid	geayr hiddracloaragh; spyrryd buigh
hydroelectric power	niart ny glionteenyn; niart ushtey-lectragh; pooar ushtey-lectragh
hydrogen peroxide	sarocseed heedrageen
Hydro Station	Stashoon Pooar-ushtey
Hymyn's Point	Gob ny Gimmryn
hyperbaric chamber	killag-hraastee; killagh broo ard
hypodermic injection	tilgey fochrackanagh
hypodermic needle	snaid fo-chrackanagh
hypodermic syringe	gunn fo-chrackanagh
DF idiom	mee; Am I not at home?; mish
I am	mish; I am God Almighty; Bible
ice creams	riojagyn; Get me a bucket of ice cream to make ice creams9
ice floe	floddan rioee
ice hockey	cammag rio
ice lolly	kibbin millish
ice rink	rio-rinck
ICT Adviser	Coyrlagh CFC
icterine warbler	kiaulleyder airhey
ICT Office	Offish CFC
ICT Support Team	Skimmee-Pohlldal FChCh
idle pulley	ullag hreoragh
if it be	My she shen
ignis fatuus	chenney cheabane; foaddan curree
ignition coil	caslagh lossee
ignition key	ogher lossee
ill-conceived recommendations	moyllaghyn drogh-resoonit
ill intentioned	roonagh
ill-natured person	scryss
ill-natured woman	beeataig
ill repute	drogh-ennym
illuminated sign	fogrey soilshit
immature conger	whipp
immature cormorant	hulp; hulpin
immature deer	minjeig
immature eel	snigg
immature guillemot	gyubb
immature gull	gubb; gubbon
immature hairless rat	jarganagh
immature ling	donnag
immature lobster	parick
immature male blackbird	apryn doo; dooag
immersion heater	thum-hiasseyder
impedance coil	caslag chastys
impedimenta of war	eillaghyn-caggee
impersonal verb	breear neuphersoonagh
impertinent person	perkin
implicit faith	credjue veih'n chree
importunate person	lhiannan; sheer-voireyder
improper fraction	lhiass-chorrillagh
improperly castrated ram	riggyl
in abeyance	currit ry-lhiattee; faagit rish tammylt; lhie
inactive spiritless creature	drollane
in a dilemma	eddyr daa aile Boaldyn; He was in a dilemma
inalienable right	cair neuchaghlaaee
inarticulate masses	pobbyl balloo
inarticulate word	fockle do-hoiggal; fockle plooghit
in a trice	ayns meekey-sooilley
in camera	ayns quaiyl ghooint; ayns shamyr ghooint; dy follit
incidental expenses	fo feeaghyn; fo-red
incipient signs	cowraghyn toshee
in comparision of	ayns cosoyllaghey jeh; For look how high the heaven is in comparison of the earthD; n thalloo
in concealment	cleaght; cooyl chlea; keiltynys
in contiguity	sheeyney lesh; sheeyney rish
Incorporated Cell Companies Act	Slattys Sheshaghtyn-dellal Calley Cochorpit
indecent exposure	anchoodaghey neu-ghlen; lhoamid neu-ghlen; rooishtid anchooie
indefinite article	art neuhoilshaghey
Indefinite Leave to Remain	Kied dy Hannaghtyn
indelible pencil	pensyl doscryssit
independent consultant	coyrlagh neu-chrogheydagh
indicative mood	mod jeeragh
indicative referendum	refrane cowreydagh
indicted by grand jury	faagit mooie
indigo bunting	pompee phlooreenagh
indispensable things	nheeghyn femoil; nheeghyn ymmyrchagh
indolent person	drammag; drollane; lhiggey my hraa
inductance coil	caslag indughtysh
induction coil	caslag indughtee
induction pipe	piob ynsooeeagh
inductive reasoning	resoonaght indughtagh
industrial espionage	peeikearys chynskylagh
industrial merger	covestey chynskylagh
industrial unrest	boirey chynskylagh
inedible fish	scran
inertial navigation	stiureydys taaueagh
infantile paralysis	neulheiltys lhiannooagh; neulheiltys oikanagh
infant prodigy	paitchey yindyssagh
infectious disease	gorley gowaltagh
infertile egg	ooh lhearee
inflammatory words	goan greesaghey
inflow pipe	piob soo stiagh
Information Systems Division	Fo-rheynn Coaryssyn Fysseree
infra dig	jannoo beg jeh hene
Ingi's Slope	Injebreck
ingoing tenant	tannys noa
ingot of gold	caag airh
in it	aynsyn
initial letter	kione-lettyr
initial mutation	ceaghley toshee
initial repairs	karraghyn-toshee
initial sound change	caghlaa sheeanyn ec toshiaght goan
ink cartridge	cartoose-doo
Inlet of the Geese	Gullad ny Guiy
in limbo	'sy phryssoon
in me	aynym; aynyms
in narrow strips	skilleigagh
Inner Enclosure	Close Sthie
Innocents' Day	Laa'l ny Mackan
inorganic chemistry	kemmig neuorgaanagh
in parenthesis	eddyr lhoobeenyn
in perpetuity	son dy bragh
in preference to me	roym
inquisitive person	feyshteyder
Insects' Ground	Thalloo ny Beishteig
inspection pit	slogh ronsee
Inspector of Works	Scruteyr Obbraghyn
Institute of Directors	Undinys ny Stiureyderyn
insular mind	aigney coon
insurance intermediaries	fir-veanagh urrysaght
integral calculus	calghoolys; co-hymagh
integral value	mooadys slane earrooagh
intellectual endowment	keeal vayrey
intensive care unit	boayl kiarail yeean
interesting challenge	doolane anaasagh
interest payer	bishagh; okyr; parteeas
intergovernmental agreement	coardail eddyr-reiltyssagh
Intergovernmental Panel	Panel Eddyr-reiltyssagh
interim report	tuarastyl shallidagh
interior decorator	jesheeneyder shamyr
intermediate filament	meansnaie
internal combustion	lostee yn-veanagh
internal combustion engine	jeshaght lostee yn-veanagh
international standards	stundayrtyn eddyrashoonagh
International Year of Astronomy	Blein Eddyr-ashoonagh Rollageydys
interrupted cadence	dooney brisht
interstellar travel	rollage-hroailtys
intestate estate	steat neuhymnagh
intestate person	neuhymnagh
in the daytime	'sy laa
in the forenoon	'sy voghrey
in the interim	eddyr y daa lhing
in the intestine	'sy vinnagh
in the vocative	'sy gherrymagh
intimately acquainted	mynoayllagh rish; oayllagh rish
in transit	fo-raad
intransitive verb	breear neuchaghlaaee
in true perspective	dy kiart
in twelvemonth future	blein voish nish
in us	ayndooin; aynin; ayninyn
invalid name	ennym gyn bree
inversely proportional	ayns coreir contraartagh
inverse ratio	coymmys ynvaartit
inverted commas	heose-chammogeyn
investors in people	lhiaseyderyn skimmee
Investors Services	Shirveishyn Baiheyderyn-argid
inveterate gambler	sheer-charrooagh
IOM HIV Support Group	Possan Coonee HIV Vannin
Irish bagpipes	phiob Yernagh
Irishman's Gap	Barney Nerinagh
Irishman's Road	Bayr ny Nerinagh
Irishmen's Croft	Croit ny Erinee
iron filings	joan yiarn; myn-yiarn
iron paling	radling yiarn
iron ration	lowanse eginagh
irreconcilable hatred	jiarg-ghrayn
irregular breeze	fan-gheay; fannan; flan
irreversible accomplishment	nhee er ny jannoo
irritably sick	nash-ching
Isabelline shrike	buit; hoor bane-buigh
Isabelline wheatear	thoyn-vane gheinnee
Island Enclosure	Close yn Ellan
Isle of Coll	Ellan Colley
Isle of Man Advanced Motorcyclists	Ard-varkee Roar-bree Ellan Vannin
Isle of Man Advanced Motorists	Ard-gleashtaneyryn Ellan Vannin
Isle of Man Aero-Medical Society	Sheshaght cour Lheihys Aeragh Ellan Vannin
Isle of Man Astronomical Society	Sheshaght Rollageydys Vannin
Isle of Man Branch of NFU Mutual	Banglane Vannin NFU Mutual
Isle of Man Branding Project	Shalee-chowree Vannin
Isle of Man Charity Lottery	Cronghyr Giastyllagh Ellan Vannin
Isle of Man Constabulary	Meoiryn-Shee Ellan Vannin; Meoiryn-shee Vannin
Isle of Man Fishermen's Association	Sheshaght Eeasteyryn Vannin
Isle of Man Government Brussels Office	Oik Reiltys Ellan Vannin ayns Brussels
Isle of Man Heritage Railways	Raaidyn Yiarn Eiraght Ellan Vannnin
Isle of Man Passport Application	Shirrey Kied-Troailt Manninagh
Isle of Man Police Consultative Forum	Forym-Coyrlee Meoiryn-Shee Vannin
Isle of Man Prison and Probation Service	Shirveish Pryssoon as Prowal Kyndee Ellan Vannin
Isle of Man Probation Service	Shirveish Prowal Kyndee Ellan Vannin
Isle of Man Seafoods	Bee-marrey Vannin
Isle of Man Taekwondo Association	Sheshaght Taekwondo Ellan Vannin
Isle of Man Tourism	Turrysid Ellan Vannin
Isle of Man Victorian Society	Sheshaght Victorianagh Vannin
Isle of Wight	Ellan Eeaght
isolating language	hengey scarreydagh
isolation hospital	thie lhehlysh
isosceles triangle	troorane cochassagh
Issac's Farm	Balley Isaag
Issac's Farm Flat	Faaie Valley Saig
it is	behold, it is between Kadesh and Bered&; Bible
it is so	shen myr t'eh; I know it is so of a truth,; Bible
I.T. University	Ollooscoill; haghnoaylleeaght Fysseree
Ivar's Farm	Jurby
Ivor's Cross	Crosh Ivor
Ivy Dene	Glionnan Hibbin
ivy-leafed crowfoot	lhieen ny hawin
I ween	sheilym
Jack's Croft	Croit Yack
Jack's Farm	Balley Yack
Jane Jack's Croft	Croit Yane Yack
Jane's Headland	Gob y Jane
Jane's Hill	Cronk y Jane
Jane's Well	Chibbyr y Jane
Janet's Road	Bayr Janet
jaunting car	carr cleeahnagh
jazz band	snagvanney
Jehovah's Witness	Feanish Yahvey
Jemmy's Division	Rheynn Yemmy
jenny nettles	undaagagh
jenny wren	drean bwoirrin
Jerusalem artichoke	blaa greiney; praase greiney; praase rangagh
jet black	deyll-ghoo
jet engine	jeshaght skiootagh
jet plane	etlan skiootagh; skioot etlan
jet propulsion	skioot imman
jet stream	skioot-stroo
jeweller's rouge	jiarg-phoodyr
jib boom	croan spreie
Jim Mat's Field	Magher Jim Mat
Jobseeker's Allowance	Lowanse Shirreyder Startey
Jockey's Croft	Croit Yokey
Joe's Division	Rheynn y Joe
Joe's Long Field	Magher Liauyr Jo
Joey's Milestone	Clagh Veeilley Joey
jog along	halkal roish; vroddal roish
John Barleycorn	soo ny braih; soo ny hoarn
John Bessie's Croft	Croit Yuan Vess
John Crow's Croft	Croit Yuan Crow
John Dory	Juan Gorree; Juan Joarree
John Home's Croft	Croit John Home
John Jack's Glen	Glion Yuan Jack
Johnny's Croft	Croit Yohnny
Johnny's Field	Magher Johnny
Johnny Willie's Hill	Cronk Johnny Willie
John Teare's Croft	Croit Juan Teare
John Tom's Hollow	Coan Yuan Hom
joiner's shop	shamyr heyir
joint secretaryship	coscreeudeyrys
jolly boat	baatey lhuingey
Jolly good show	Awatta; Ouwatta
Jolly Roger	brattagh doo
Jonee's Farm	Balley Yonee
joss house	chiamble Sheenagh
joss stick	kibbin thooishey
jostle against	woalley noi
Joughin's Croft	Croit Joughin
journeyman joiner	seyr er faill
juke box	kishtey kiaullee
Julian Road	Raad Julian
Julian year	blein Yool
jumble sale	cant mollid; creck mollid
jutting out	deamey
juvenile delinquency	kyndagh aeglagh; kyndaght aeglagh; loghtynid aegid
juvenile delinquent	drogh-eean; kyndagh aeg
juvenile delinquents	loghtee aegey
Kaighen's Farm	Balley Kaighen
Kaighin's Croft	Croit y Kaighin
Kaighin's Ground	Thalloo Kaighin
Kaighin's Road	Bayr y Kaighin
Kallow Point	Gob ny Caillee
Kaneen's Farm	Balley Kaneen
Kappi's Mountain	Keppel
Karran's Croft	Croit y Karran
Karran's Farm	Balley Carin
Karran's Shore	Traie Carran
Karron's Enclosure	Close y Karran
Kate's Cottage	Croit Tate; Croit Chatreeney
Kate's Shrubbery	Garee Kate
Kaye's Meadow	Lheannee Kaye
Kay's Croft	Croit Kay
Kay's Farm	Ellan y Kay
keep aloof	freill magh
keep vigil	farrarey
Kee's Enclosure	Close y Kee
Keggin's Farm	Balley Keggin
Keig's Croft	Croit y Keig; Croit Keig
Keig's Farm	Bymaughaig
Kellue's Shieling	Eary Kellue
Kelly's Croft	Croit y Kelly
Kelly's Enclosure	Close y Kelly; Close Kelly
Kelly's Farm	Balley Kelly
Kelly's Field	Magher Kelly
Kelly's Marsh	Curragh Kelly
Kelly's Mill	Mwyllin y Kelley
Kelly's New Enclosure	Close Noa y Kelly
Kelly's Shieling	Eary Kelly; Eary Kellag
Kelly's Sour Enclosure	Close Sooar y Kelly
Kelvin's Field	Magher Kelvin
Kenag's Farm	Balley Kinnag; Balley Kenag
Kenag's Farm Lake	Lough Balley Kinnag
Kenag's Fold	Bwoaillee Kinyag
Kennaugh's Marsh	Curragh Kennaugh
Kenneth's Church	Keeill Kenny
Kennish's Farm	Balley Kennish
Kennish's Girl's Croft	Croit Inney Kennish
Kentish plover	feddag chass ghoo
Keppel Gate	Giat Keppel
Kerd's Glen	Glion Kerd
Kerd's Quarter	Kerroo Kerd
Kermeen's Croft	Croit y Kermeen
Kermeen's Farm	Balley Kermeen
Kermeen's Fold Hollow	Lhag Woaillee Kermeen
kernel of the matter	cree ny cooish
Kerruish's Croft	Croit Kerruish; Kerry
Ir. Ciarra	Kerree
kettle drummer	drummeyder cabbil
Kewe's Mill	Mwyllin y Kew
Kewe's Place	Kew
Kewin's Croft	Croit y Kewin
Kewin's Enclosure	Close y Kewin
Kewin's Farm	Balley Kewin
Kewish's Croft	Croit y Kewish
Kewish's Farm	Balley Kewish
Kewish's Flat	Faaie Balley Kewish
Kewley's Rock	Carrick y Kewley
Kewne's Enclosure	Close y Kewne
Kewne's Turbary	Moanee Kewne
Kewney's Croft	Croit y Kewney
Kewney's Enclosure	Close Kewney
Kew's Farm	Balley Kew
Kew's Field	Magher y Kew
Keyll Darree Library	Lioarlann Cheyll Darree
Key's Farm	Balley Key
kicky mare	laair vrebbagh
kidney vetch	meir-Voirrey
Kie's Enclosure	Close y Key
Killey's Croft	Croit y Killey; Croit Killey
Killey's Fold Farm	Balley Woaillee Killey
Killey's Girl's Croft	Croit Inney Killey
Killey's Scrub Flat	Faaie Garee Killey
Killip's Enclosure	Close y Killip; Close Killip
Killip's Gate	Giat Killip
Killip's Road	Giat Killip
Kill's Mountain Farm	Balley Kill y Clieau
Kiln Enclosure	Close ny Brebag
King Orree's Castle	Cashtal Ree Gorree
king ragworm	jialgane mooar; jialgane y ree
King's Enclosure	Commissary
Kingswood Grove	Keyll y Ree; King William
Kinley's Bridge	Droghad Kinley
Kinley's Crofts	Croityn Kinley
Kinnish's Farm	Balley Kinnish
Kinry's Shrubbery	Garee Kinry
Kinry's Tomb	Lhiaght y Kinry
Kirk Conchan	Skyll Connaghan
Kirk Santan	Skylley Stondane
Kirree's Enclosure	Close y Kirree
Kissack's Croft	Croit y Kissack
Kissack's Enclosure	Close y Kissack
Kissack's Farm	Balley Kissack
kitchen utensils	greieyn aarlee
kite balloon	balloon etlag
Kittiwake Crescent	Corran Pirragh
Kitty's Field	Magher Kitty
Kleppr's Farm	Clepps
Kneale's Enclosure	Close Kneale
Kneale's Farm	Balley Kneale
Kneale's Hill	Knock Kneale; Cronk y Creale
Kneale's Rock	Creg y Creale
kneeling cushion	boss
Kneen's Croft	Croit y Kneen; Croit y Creen
Kneen's Enclosure	Close Kneen; Close Crine
Kneen's Meadow	Lheannee Kneen
Kneen's Road	Bayr Kneen
Knight's Croft	Croit Knight
Knights Templars	Reejeryn chiamblagh
knockdown blow	tarnoal
Knock Froy	Knock Freoaie
Knoll Farm	Balley Cronk
Koli's Farm	Colby
Koli's Farm Pasture	Pairk Colby
Kolli's Farm	Colby
Kori's Slope	Cor Breck
Kraun's Big Valley	Cranstal Vooar
Kraun's Dale Enclosure	Close Cronstal
Kraun's Valley	Cranstal
Kraun's Valley Bridge	Droghad Cranstal
Kraun's Valley Harbour	Purt Cranstal
Kraun's Valley Lake	Lough Cranstal
per's Nuthatch	Scoltan Turkagh
Kyles of Bute	Keeylys Boadagh
Kym's Croft	Croit y Kymmey
Kym's Hill	Cronk y Chymmey
Laburnum Road	Raad Laburnum
lace-up shoes	braagyn yeeallagh
lack of precision	neuchruinnys
ladies' man	myrneen mreih
ladies' toilet	premmee mraane
Lady Almoner	ben yeirkeydagh; Lady Amherst
s pheasant	kellagh keylley Amherst
lady's bedstraw	lus ny binjey mooar; lus y volley
lady's smock	lheiney Voirrey; losserey ny Boaldyn; lus ny Boaldyn
lagged pipes	piobyn soaillit
Lake Enclosure	Close y Lough
Lake End Enclosure	Close Kione Lough
Lambfell Glen	Glion Lammal
Lamyn's Farm	Balley Lamyn
Lancaster Road	Raad Lancaster
lance corporal	lhiass-chorpryl
lanceolated warbler	kiaulleyder shleiyagh
land-and-loan deal	dellal thalloo-as-eeasaght
landfill site	ynnyd lhieeney-thalloo
landing slots	ammyryn cheet neose
Landlord's Croft	Croit Fer Thie
landscape garden	garey cheer-yallooagh
landscape gardener	gareyder cheer-yallooagh; jallooder-thallooin
landscape painter	peinteyr reayrtyn cheerey
landscaping the Island	cummey thalloo yn Ellan
land surfaces	eaghtyryn thallooin
land surveyor	towsheyder thallooin
land two years ploughed	ceabbagh
lang syne	foddey er-dy-henney; shenn laghyn
language acquisition	cosney stiagh glare
language laboratory	chengeylan
languid person	lambane
Lapland bunting	pompee Laplannagh; pompee Loghlinagh
Lapwing Enclosure	Close ny Eairkan
Larch Hill	Cronk Lhiarrag
larch wood	fuygh larshagh
lard jug	podjal smarree
large grey lichen	cleaysh lheeah
large in circumference	riurid
large salient eyes	boghooillyn mooarey
large snowball	muc niaghtee; thummid sniaghtee
large snowflake	keshag
laser optics	cullee-laser reayrtoil
latent heat	chiass follit
lateral liquid	fliughid lhiattagh
lathe centre	laare gheilley
laughing jackass	snoggeyder mooar
Laurel Bank	Broogh Laurys; Balley ny Hawin; Cronk ny Keeilley
Laurel House	Thie Laurys
lavatory pan	saagh premmee
lavender water	ushtey lavander
lawn tennis	laddoge
lawyer's fee	leagh leighder
lay evens	cur lieh er lieh
Lazy Person's Croft	Croit y Drammag
lead acetate	shugyr leoaie
lead colic	chingys leoaie
lead monoxide	clagh argid
lead-out train	strane-leeideilys
lead oxide	leoaie yiarg
leakage detector	brahder skeayllee
leaky shoes	braagyn brisht
learning zone	kerroo ynsee
Lea's Enclosure	Close Lea
leashed hounds	coyin yeealit
least sandpiper	leayrane minniagagh
leather bootlace	yeeal vraagey
leather upholstery	coodagh liareagh; coodagh liarey
ledger line	linney ghiare
ledger stone	clagh oaie
Leece's Enclosure	Close Leece
Leece's Farm	Balley Leece
Leece's Fold	Bwoaillee Leece
left handedness	cleeid; kiuttaght; toshtalaght
legal aid practitioners	leighderyn
legal arguments	arganeyn leighagh
legal practitioner	fer leigh; leighder
legislative body	coyrle slattyssagh
Legislative Buildings	Troggalyn Slattyssagh
Legislative Council	Coonceil Slattyssagh; Choonseil Slattyssagh
leg of contest	bangan
Leigh's Farm	Balley Leigh
Leisler's bat	craitnag Leisler; Leisler
Ir. Liatroim	Lheeahtrim
lemon cheese	groo limon
lemon curd	groo limon
lemon sole	liehbaig gheinnee; liehbaig veein
lemon squash	jough limon; soo-limon
lemon squeezer	faasteyder limon
lemon tree	billey limon
lens hood	bayrnag hooillag
lens of glasses	speckleyr
Leonard's Chapel Croft	Croit Cabbal Leonard
Leonard's Croft	Croit Leonard
Leonard's Hump	Druin Lenny
Leot's Farm	Leodest
Leot's Farm Road	Giat Leodest
lesser crested tern	sternag chereenagh veg
lesser duckweed	mac-gyn-ayr
lesser forkbeard	goayrag
lesser kestrel	stannair ruy beg
lesser white-fronted goose	guiy skead beg
lesser whitethroat	fynnag veg; scoarnagh vane veg
lesser yellowlegs	goblan buigh beg
lethal blow	builley baaish
lethal chamber	shamyr vaaish
Level Enclosure	Close Rea
Level Turbary	Rea Voanee; Moanee Rea
Lewin's Shieling	Eary Lewin
Lewis gunner	leuys-ghunneyder
Lezayre Landscapes Limited	Cummaghyn-thallooin ny h-Ayrey Chiarmaanit; Cummaghyn-thallooin Skylley Chreest ny h-Ayrey Chiarmaanit
Lheaney Road	Bayr y Lheeannee
liaison officer	fer oik kiangle
Libyan Desert	Faasagh ny Libya
licensed dealer	delleyder as kiedoonys ec; delleyder kiedoonit
licensed house	thie oast
licensed victualler	lught ny thieyn oast; oasteyder; oasteyr
licensing act	slattys oastey
licensing court	quaiyl-chied
licensing deal	dellal-kied
Lichen Cliff Hole	Towl Eaynin y Ruyghey
lichen heath	reeast scryss
lie detector	brahder breagyn; cronneyder breagyn
lieutenant colonel	aachernyl
life expectancy	jerkallys-vea
lifting magnet	magnaid hroggal
light-headed person	kione eairkanagh
light-lodged corn	spattan
lightning arrester	bac tendreil
lignum vitae	billey ny bea; fuygh ny bea
Lime Enclosure	Close yn Eayl
limiting factor	cooid lhiettalagh
linden tree	billey theiley
line engraving	grainney linnagh
linen draper	lieeneyr
line spacer	scarthane
lingua franca	eddyr-hengey; ghlare chadjin
lining of eggshell	lheiney veg
linotype operator	clouscreeudeyr; linneychlouder
linseed meal	meinn rass
linseed oil	ooill rass lieen
lipid bilayer	daa-vrat lipaidagh
lip of jug	gob
liquid petroleum gas	gas pedryl ushlagh
liquorice stick	maidjey liggrys; maidjey millish
literary garbage	trouise
little auk	alk beg; awk veg; coltrag veg
little crake	eean raip beg
Little Cumbrae	Cumrey Beg
Little Doweries	Togharaghyn Beggey
Little Enclosure	Close Beg
Little Gelling's Croft	Croit Gellin Beg
little grebe	eean kereen beg; greeb beg
Little High Lakelet	Ard Loughan Veg
Little Homestead	Balley Beg
Little Javelins	Mannisyn Beggey
Little Lakelet	Loughan Veg
Little Nan's Hill	Cronk Nan Veg
Little Osier Shrubbery	Garee Veg ny Slatt
little reef	skerrane
little ringed plover	feddag fainnagh veg
Little Shieling	Eary Beg
Little Shrubbery	Garee Veg
little stint	leayrane beg
little tern	gant beg; sternag veg
Little Tom's Croft	Croit Thom Beg
Little Turbary	Monell
little whimbrel	crottag houree veg
littoral zone	cryss y chladdee
livelong day	laa bane
livery company	keird-cholught
living expense	argid bea
Ljotr's Glen	Dayl Liot
Pairk Llewellyn	Jeeagh
loading in bulk	lughtaghey er y vooarchur
lobe of the ear	babban ny gleaysh
local anaesthetic	anloaghtan; sthoo kyrloghee
local broadcaster	creeleyder ynnydagh
local councillors	coonceilee ynnydagh
local firms	colughtyn ynnydagh
locally anaesthetize	anloaghtaghey; anloaghtee
local railways	raad yiarn ynnydoil
Loch Gilphead	Kione Loch Gilp
Lochlainn's Hill	Knock y Lochlainn
Loch Leven	Logh Lhiouan
locking up	glassagh
locum tenens	ynnydee
lodger for short time	jiulean
Lodinn's Farm	Byllown
Logan's Wasteland	Reeast Logan
Lonan Gentleman's Fellowship	Co-heshaghtys Dooinney Seyr Lonan
lone wolf	fer lomarcan
lone woman	ben lomarcan
long-bearded oats	corkey taghyrt
long-billed dowitcher	dowuit; her gob-liauyr
long-eared bat	craitnag eairkagh
long-eared owl	hullad eairkagh; kione kiyt
Long Enclosure	Close Liauyr
longings of women	foddeeaght vraane
longitude of ascending node	dowan-liurid y noad ardjeeagh
longitudinal section	fodyiarrey; giarrey liauyr; liauyr-yiarrey
long-playing record	kereneen liauyr
long-range forecast	faaishnys foddey
Long Shieling	Eary Liauyr
Long Shrubbery	Garee Liauyr
long-tailed duck	thunnag ammanagh
long-tailed skate	peegagh
long-tailed skua	maarliagh fammanagh
long-tailed tit	myntan arbyl-liauyr
long-tailed titmouse	caillagh veg yn arbyl; eean beg yn amman
long-tailed wig	mwashag fammanagh
long-toed stint	leayrane mair-liauyr
Lookout Turbary	Moanee Hoaness
look sideways	jeeaghyn ny yei lieckan
Looney's Lower Ground	Thalloo Looney Heese
Looney's Stile	Keym Looney
Looney's Upper Ground	Thalloo Looney Heose
loose-leaf album	albym duillag-skeaylt
lord of the manor	chiarn ny cheerey
Lord paramount	ard-chiarn
Lord's Enclosure	Close Rea; Close Chiarn
Lough Anure	Logh yn Euar
Lough Neagh	Logh Nay
love philtre	jough ghraih
low-class people	scran
Lower Enclosure	Close Heese
lower epidermis	epiderm s'inshley
Lowey's Croft	Croit y Lowey
lubricating oil	ooill smarree
lucrative markets	margaghyn leaghar
luggage label	lipaid scudlee
Luke's Rock	Creg Luke
lumber along	stravaagey; vroddey roish
lumber jacket	cooat keylley
lumber mill	mwyllin fuygh
lumber room	shamyr voanlagh
lumber yard	close fuygh
Lumpy Enclosure	Close ny Gramman
lunar eclipse	dhooag-eayst
lunar month	mee ny heayst; Mee ny re
lunar new year	blein noa ny h-eayst
lunar probe	scutag eayst
lunar year	blein ny h-eayst
lunatic asylum	thie baanrit
lunatic fringe	lught yn ommidjys
luncheon voucher	tiggad kirbyl
lyme grass	shaslagh frangagh; thaiane
lyre bird	lyrane
lyrical poetry	cronnaneys
MacAleyn's Hill	Cronk MacAleyn
macaroni cheese	macaroni as caashey
machine gunner	greie-ghunneyder; gunneyder jeshaght
machine operator	obbree jeshaght
mach number	mach-earroo
Machud's Church	Keeill Vout; Keeill Vachud; Keeill Vachut
Macmillan Cancer Relief	Couyr Kahngyr Macmillan
Mac Queeney's Farm	Balley Queeney
Maddrell's Farm	Balley Maddrell
Madeiran petrel	kirree varrey Vadeiragh
Madrell's Wood	Keyll Vaddrell
Magdalen's Fold	Bwoaillee Valaine
magic wand	maidjey obbee
magistrate's bench	caayr vriwnys
magistrate's court	quaiyl s'inshley
Magna Carta	Chiart Vooar
Magna Charta	Chiart Vooar
magnetic lag	cumrail vagnaidagh
magnetic variation	arraghys magnaidagh
magnificent frigate-bird	frigaid mooaralagh
magnifying lens	sooillag vooadee
magnolia warbler	kiaulleyder magnolia
magnum opus	ard-obbyr
mailed fist	laue lajer
mailing solutions	feayslaghyn postal
mail-order business	post-traght
main boom	croanscoidey ard
Maine Road	Raad ny Marrey
maize meal	meinn vuigh
major domo	fer thie mooar; meoir thie
major review	scrutaght vooar
making provision for the commencement of	kiarail son laa toshee
male sex	keintys firryn
Mally's Croft	Croit Vally
Mally's Hill Below	Cronk Vally Wass
Mally's Lower Hill	Cronk Vally Heese
Mally's Marsh	Curragh Vally
Maloney's Church	Kirk Maloney
malted milk	bainney braghee
Mananan Opera Festival	Feailley Kiaulldramey Vannanan
Mandarin duck	laagh Vandragh
mangel wurzel	beetys mooar
mangrove tree	billey mangrove
mangy dog	moddey screbbagh
mangy head	kione carragh
manicure set	foirran laue-yeshaghey
Mani's Farm Hill Meadow	Lheannee Totaby
Mani's Farm Knoll	Tosaby
Mani's Hill	Manowle
Manks Conservation Volunteers	Arryltee Choadee Vannin
man of nerve	dooinney trean
Manor Drive	Imman Mannor
Manor Hill	Cronk y Vannor
Manor Hotel Drive	Imman y Thie Oast
Manor Park School	Scoill Pairk y Vannor
Manor Woods	Keyll y Vannor
mantua maker	gooyneyder
manual labour	laue-obbyr; obbyr laue
manufactured goods	cooid jeant; jeantys
Manured Field	Magher Toar
Manured Ground	Thalloo ny Eoylley
manured with seaweed	famlit
Manx Accredited Construction Scheme	Skeim Troggal Barrantit Vannin
Manx Amateur Drama Federation	Conastey Drama Amateyragh Vannin
Manx Ancestry Centre	Ynnyd Shennayraght Vanninagh
Manx Co-operative	Co-obbraghey Vannin
Manx Early Alliance	Cochaarjys Bleeantyn-toshee Vannin
Manx Fish Producers Association	Sheshaght Troaryn-Eeastee Vannin
Manx Fish Producers Organisation	Reagheydys Troareyrys Eeast Vannin
Manx Forums	Forymyn Vannin
Manx Gaelic Advisory Council	Coonceil ny Gaelgey
Manx Geological Survey	Creearey Oayl-Thallooin Vannin
Manx Grand Prix	Grand Prix Vannin
Manx Grand Prix Festival	Feailley Grand Prix Vannin
Manx Grand Prix Practice Week	Shiaghtin Chliaghtee Grand Prix Vannin
Manx Grand Prix Race Week	Shiaghtin Ratchyn Grand Prix Vannin
Manx History Curriculum	Curriglym Shennaghys Vannin
Manx Loaghtan Marketing Co-Operative	Sheshaght Cho-obbragh son Margeeys y Loaghtan Manninagh
Manx National and Classical Music	Kiaull Ashoonagh as Classicagh Vannin
Manx National Farmers' Union	Sheshaght-cheirdey Ashoonagh Eirinee Vannin
Manx Operatic Society	Sheshaght Cloieyn-kiaullee Vannin
Manx perspective	baght Manninagh
Manx Telecom	Chellinsh Vannin
Manx Telecom Post TT Races	Ratchyn Lurg TT Chellinsh Vannin
Manx Telecom Rally	Rallee Chellinsh Vannin
Manx Telecom TV	Chellveeish Chellinsh Vannin
Manx Topside of Beef	Feill-Vart Cheu-Eaghtyragh Vannin
Manx Utilities Authority	Lught-Reill Bun-Shirveishyn Vannin
Manx Viking Wheelers	Queeyleyryn Wiggynnagh Vannin
Maol Breac	Meayll Breck
Map Gallery	Laare son Caslyssyn-; heerey
Marcus' Farm	Balley Varkish
Mardi Gras	Oie Innyd
mare's milk	bainney laairagh; The mare's milk is very sweet#
mare's nest	edd coar ny hastan; edd garran
mare's tail	geaysh ghoair; jeetrym jeeas; lus ny jeetrym jeeas
Margaret's Croft	Croit Vargaid; Croit Vargad
Margaret's Fold	Bwoaillee Vargad
marginal land	thalloo oirragh
marginal notes	imraaghyn oirragh; noteyn baghtagyn; noteyn oirragh
margin of the sea	oirr ny marrey
margin of the stream	marrooan; oirr y trooan
Maria's Field	Magher Maria
Marine Biological Station	Stashoon Bea-oaylleeaght Varrey
marine engineering	jeshaghteyrys lhuingey; jeshaghteyrys marrey
marine habitat	aahley; aajey
mariner's compass	airdeylagh
marine woodborer	dhiane lhuingey
marital status	stayd poosee
Mark's Church	Keeill Varkys
Mark's Croft	Croit Vark
Mark's Enclosure	Close Vark
Mark's Farm	Balley Varkys; Balley Vark
Mark's Farm Marsh	Curragh Balley Varkish
Mark's Meadow	Lheannee Vark
Mark's Pool	Dam Varkysh
Mark's Well	Chibbyr Varkysh
Markwell House	Thie Chibbyr y Vargee
marline spike	fidd; fidd yiarn; kibbin skelf
marram thatch	thoo shaslee; thoo shastagh
marriageable age	eash phoosee
marriageable girl	gounagh
Marriage and Civil Registration Act	Slattys Poosee as Recortyssey Theayagh
married couples	sheshaghyn-poost
marshals' bib	broghil-stiurt
marsh andromeda	lus ny moaintyn
marsh bedstraw	lus ny hawin
marsh bird's-foot trefoil	crouw chiyt ny gurreeyn; crouw-cheyt ny curreeyn
marsh cinquefoil	lus ny curreeyn
marsh foxtail-grass	famman shynnee; fiddag cham
marsh harrier	shirragh ny bogleeyn
marsh hog's-fennel	finnal ny raaidyn
marsh ledum	lossan voglagh
marsh lousewort	bainney goair; lus ny meeyllyn; lus volley
marsh mallow	leaghane; lus y tollan
marsh marigold	bullught; bwilloght
Marsh of the Shubbery	Curragh Garee
marsh sandpiper	leayrane ny curreeyn
marsh speedwell	foillycan curree
marsh titmouse	kione doo
marsh willow-herb	lus ny sheillee
Marshy Enclosure	Close y Churree
Martha's Gully	Gullad Martha
Martin's Church	Keeill Vartyn
Martin's Croft	Croit Varteen
Martin's Enclosure	Close Varteen
Martin's Farm	Balley Vartyn; Balley Varteen
Martin's Field	Magher Martin
Martin's Fold	Bwoaillee Vargeen
Mary's Church	Keeill Woirrey; Keeill Moirrey
Mary's Church Farm	Balley Keeill Moirrey
Mary's Fold	Bwoaillee Voirrey
Mary's house	Thie Voirrey
Mary's Road	Bayr Woirrey
Mary's Well	Chibbyr y Woirrey; Chibbyr Voirrey
masked ball	daunse far-eddin
Masonic lodge	crouw
Masonic temple	chiamble masoonagh
mass production	mooar-yantys
mass server	guilley erin; cleragh
master's certificate	teisht vainshtyr
mastic tree	billey masthag
matrix multiplication	yl-raghey matricks
Mat's Shrubbery	Garee Mat
Matthias' Church Croft	Croit Keeill Vian
maudlin drunk	scooyrit malaine
Maughold's Well	Chibbyr Vaghal
Maundy Thursday	Jerdein Caisht
Ir. Maigh Eo	May Eo
Mayoress of Douglas	Ben-veoir jeh Doolish
McAllen's Fold	Bwoaillee Callen
McAweey's Croft	Croit McAweey
McBoy's Farm	Balley Boy
McCoag's Farm	Balley McCoag
McDannell's Hill	Tolt y Goonell
McEmall's Land	Thalloo Vac Emmal
McFayle's Enclosure	Close McFayle
McFayle's Quarter	Kerroo McFayle
McGawne's Croft	Croit McGawne
McGillowey's Farm	Balley Killowey
McGilpeder's Croft	Croit Peddyragh
McHonylt's Farm	Balley Whannell
McHonylt's Flat	Faaie Whannell
McInay's Farm	Balley Kinay
McJoughin's Land	Thalloo Mc y Joughin
McKie's Farm	Balley McKie
McKie's Farm Hollow	Lhag Balley Keigh
McKym's Farm	Balley McKym
McKym's Farm Flat	Faaie Balley Kymmey
McKym's Place	Kimmeragh
McPherson's Farm	Balley Fesson
McSayle's Croft	Croit Vac Sayle
McSayle's Meadow	Lheannee McSayle
McSayle's Waste	Reeast McSayle
McSayl's Road	Giat McSayl
McTaggart's Garden	Garey McTaggart
McTeare's Close	Close Mac y Teare
Croit Mc y Teare	mee; The man I wrote to hasn't yet answered meE; mish
Meadowbrook Gardens	Garaghyn Strooan y Lheeannee
meadow crowfoot	cass feeagh; spaag feeagh; spoag feeagh
Meadow Enclosure	Close ny Lheannee; Close Lheannee; Close ny Lheannagh
meadow foxtail-grass	fiddag
meadow pink	pink lheeannagh
meadow saxifrage	morrane
meadow vetchling	pishyr vuigh
Meayll Drive	Imman y Veayll
mechanical draughtsman	tayrneyder obbrinee
medial mutation	ceaghley meanagh
medical appointmen	quaaltys-lhee
medical appointments	quaaltyssyn-lhee
medical practitioner	ben lhee; fer lhee
medicinal herbs	lossreeyn lheihys
medicinal plant	blaa lheeys; lus lheeys
Mediterranean gull	foillan frangagh
Mediterranean Sea	Veanvooir
Mediterranean shearwater	scraayl vean-vooiragh
medium sized	lieh-vooar; meanagh
Member of the Legislative Council	Oltey yn Ardwhaiyl; O.A.; Oltey jeh'n Choonceil Slattyssagh
Members' Report	Tuarastyl ny h-Olteynyn
membrum virile	boid; bwoid
memorandum pad	blockan cooinaghan
menacing look	sturd
mendicant friar	braar boght
mental aberration	rouailtys aigney
mental alienation	shaghrynys inchyn
mental deficiency	gortey keeaylley; lag-hastaght
mentally deficient	lag-hastagh
mentally disordered	baanrit
mercantile law	leigh traghtee
merchant seaman	marchantagh; marrinagh
Merchant's Hill	Cronk y Varchan
messed up	brockit
messing up	murtaghey
meteor shower	frassyn dreigaghyn
meteor showers	frassyn dreigaghyn
metric system	aght meadragh
metric ton	thunney meadragh
mezzo forte	lieh feiyragh
mezzo piano	lieh feagh
mhellia supper	shibbyr ny meailley
Michaelmas daisy	lus yn 'Eaill Vaayl; neaynin Vaayl
Michael's Cairn	Carn Vael
Michael's Church	Kirk Michell; Keeill Vael; Keeill Vichal
Michael's Church Farm	Balley Keeill Vial
Michael's Church Fold	Bwoaillee Keeill Vayl
Michael's Church Glen	Glion Keeill Vail
Michael's Church Lake	Loughan Keeill Vael
Michael's Croft	Croit Vichal
Michael's Enclosure	Close Michael
Michael's Hill	Tolta Mitchell
Michael's Isle	Inis Michil
Michael's Land	Thalloo Michell
Michael's Nook	Cooil Vichal
Michael's River	Awin Vitchel
Middle Enclosure	Close Meanagh; Close Mean
Middle Shrubbery	Garee Meanagh
middle sized	meanagh
Middle Turbary	Moanee Meanagh
Midges' Pool	Poyll Veeyl
military alliance	co-chaggeeaght; cochaarjys caggee; cochaggeeaght
military pact	conaant caggee
military tactics	tushtey caggee
milk jug	podjal bainney
milk vetch	crammelt millish
Millaghan's Farm	Balley Villaghan
Millan's Farm	Balley Millan
Millennium Room	Shamyr Ardeailley Tinvaal; Shamyr Meeilleash; Shamyr yn Villey Blein
Millennium Way Path	Cassan yn Veeilley Blein
Millennium Way Walk	Cassan yn Villey Bleeaney
Miller's Croft	Croit y Wyllaragh
miller's thumb	kione tramman; poltag
millet grass	faiyr milladagh
millet seed	rass millad; sheel millad
mince pie	pye mynrey
miniature camera	myn-hamraig
miniature garden	myngharey
mini-disc player	cloieder myn-jysk
minimum wage	faill sloo
Minister of Policy and Reform	Shirveishagh Polasee as Lhiasaghey
minister's pulpit	crannag y chirveishagh
minor amendments	lhiasaghey beggan
minute fraction	sleig
Mire of the Turbary	Curragh ny Moaney
miscellaneous amendments	lhiasaghyn mestit
missel thrush	lhon ny keylley; treshlen vooar
Mister Chairman	Chaairliagh
Misuse of Drugs Act	Slattys Drogh-ymmyd Druggaghyn
mixed berry brul	loshtag villish dy verrishyn mestit
mixed salad	sallaid meshtit
mizzen boom	croanscoidey jerree
mizzen mast	croan jerree
mizzen topgallant	baare-hiaull
modification kit	cullee-chaghlaaee
molar tooth	feeackle cheu chooylloo
molecular collision	covuilley moirvreneenagh
Molly Quirk's Glen	Glion Molly Quirk
molucca nut	cro sponk
monarch's ambassador	ree-chaghter
money changer	caghlaader argid; maylartagh argid
moneyed classes	lught yn argid
monkey gaff	brat-ghaff
monkey wrench	rinse gleashagh
Monk's Bridge	Chrossag
Monks' Court	Couyrt Maynaghyn
Monks' Croft	Croit Vaynaghyn
Monks' Division	Rheynn Vaynagh
Monks' Enclosure	Close ny Maynagh
Monks' Farm	Balley Maynagh
monk's hood	lus ny maynaghyn
Monks Lakelet	Loughan ny Maynagh
Monks' Mountain	Slieau ny Maynagh
monk's rhubarb	lus y taartys
Montague's harrier	clowan lugh
Monterey pine	juys lhean
moon jellyfish	gluddyr vreck; lubban breck
moon probe	ronsag eayst
Moore's Causeway	Cassey Moore
Moore's Croft	Croit y Voore
Moore's Enclosure	Close Moore
Moore's Farm	Balley Moore
Moore's Marsh	Curragh Moore
mop of hair	doss
mopping up	kerey
mop up	jiole seose; kerey
morally crooked	camlaagagh; mee-ynrick
morally uncorrupted	oney
morally unequal	anchiart
morally wrong	olk
moral perversion	olkeyrys
more infrequent	anvenkey
more repentant	arrysee
morose woman	groamag
Morrison's Croft	Croit Mylvoirrey
Morrison's Farm	Balley Mylvoirrey; Balley Gilvoirrey
Morse alphabet	abbyrlhit Morsagh
Morse code	coad Morsagh
morse key	mair chowree; mair Vorsagh; ogher Vorsagh
mortgage debenture	benshyr gioaldeeaght
mortgaged premises	giolteeys
mortise gauge	meih daa-virragh
mortise lock	glass mortysh
mosquito net	ingagh chorveeyl
moss campion	lus ny heareeyn
mossy cyphel	lus y cheynnee
mother abbess	abb-voir
Mothering Sunday	Doonaght ny Moiraghyn
motorcycle enthusiast	ardjeeaneyder roar-bree
motorcycle leathers	eaddagh liareagh roar-bree
motorcycle racing	ratchal-roar-bree
Motorsport Development Group	Possan-lhiasee Spoyrt Motoragh
mottled thread	breckan sniengan
Moughtin's Enclosure	Close Moughtin
Moughton's Enclosure	Close Moughton
moulding plane	locker mullee
mountain avens	lus ny binn
mountain climber	drappeyder-sleityn
Mountain Enclosure	Close Slieau
Mountain Foot Enclosure	Close Fo Lieau
Mountain's End	Kione Slieau
Mount Havelock	Cronk Havelock
mouse-eared chickweed	cleaysh lheeah; cleaysh lughagh; lus y chengey veg
mouse-eared hawkweed	stroin-vuc
mouse pointer	snaid
Moussieri redstart	thoyn-yiarg Moussieri
moustached warbler	kiaulleyder robaigagh
movable feast	feailley arraghey; feailley so-ghleashagh
movie camera	shamraig scannane
muck heap	thorran
mucky person	slob
mud barge	baatey laaghey
muffled drums	drummaghyn plooghit
muffle furnace	muffyl-furnish
mug of ale	meddyr dy lhune
mug up	carnanaghey seose
mulatto woman	ben buigh
mulled ale	milljag heh
Multi-Pack Snacks	Yl-phaggaghyn dy Scobbaghyn
multiplication table	claare ylraghey; taabyl mooadee
muriatic acid	soorid sollan
Murray House	Thie Murray
mushroom grower	correyder shalmaneyn
mushroom valve	cooylley shalmanagh
musical accompaniment	co-chloie
musical performer	cloieder kiaullee
musical recital	feish chiaull
music cabinet	kiaull-chabnaid
musk deer	musk-feeaih
musk duck	musk-laagh
musk ox	musk-dow
musk rose	drughaig gharey
mussel bed	garey gib
mussel farm	garey gib
mustard and cress	marrag as burley; mustart as burley
mustering cross	crosh vustyr
mute swan	ollay valloo
mutton chops	asnaghyn keyrragh
muzzle velocity	bieauid beill
Cronk Mwarran	aym; I shall have done my exercise in less than ten minutes9; ayms
my poppet	my vyrneen
nagging pain	guin caignee
nail varnish	follid ingney; varnish ingney
Nan's White Flat	Faaie Nan Vane
narrow-gauge railway	raad yiarn keyl
nasal congestion	peeaghane
nasal fistula	sheane stroanney
National Library and Archives	Lioarlann as Recortyssyn Ashoonagh
National Sports Centre	Ynnyd-spoyrt Ashoonagh
nautical draughtsman	lhongyallooder
nautical knowledge	ynsagh keayin
nautical mile	meeiley faarkee; meeiley varrey
Nautical Museum	Thie-Tashtee Lhuingey
nautical term	fockle marrey
naval armada	flod caggee
Near the Ravine	Fo Ghill
nectarine tree	billey naghtyreen
needle-tailed swift	gollan famman birragh
needle valve	birr-chooylley; snaid-chooylley
Nellen's Glen	Glion Nellan
Nell's Shrubbery	Garee Nell
Nelly Cowle's Hill	Cronk Nelly Cowle
Nelly's Croft	Croit Nelly
nem con	gyn cur noi; lesh un coraa
nerve cell	nearchillag
nerve centre	mean; nearvean
nervous breakdown	teaym nearag
nervous system	corys nearag
nervous troubles	chingys nearag
nett profit	cosney glen
network connectivity	kiangltaghys-moggyl
Neurological Hospital	Thie-lheihys Neear-oaylleeagh
neuter bee	shellan hiast
neutered tomcat	kayt spoiyt; rangan-chayt
neutral registration prefix	roie ockle recortyssey naeear
never-ceasing complaints	sheer-accanyn
new-blown flower	blaa noa my-vlaa
New Caledonia	Caladoan Noa
New Enclosure	Close Noa
New Enclosure Pools	Dubbaghyn y Close Noa
New Shrubbery	Garee Noa
New Zealander	fer ass Sealynn Noa; Noa-Heelanagh
Niannan's Hill	Cronk y Niannan
niche industry	jeidjys-cooill
Nicholas' Church Croft	Croit Keeill Nicholas
Nicholas' Farm	Balley Nicholas
Nicholas' Farm Mill	Mwyllin Balley Nicholas
Nicholas' Hill	Cronk Nic
Nicholas' Well	Chibbyr Niglus
nictating membrane	scannane sooilley
niggly person	granganagh
night of Aquarius	oie'll ymmyrkagh ushtey
night-scented stock	lus y cheeiragh
nitrate fertiliser	lhiassaghey naitraid
nitric acid	sharroo neetragh; soorid creg-hollan
Niven's Glen	Glion Needle
nodding bur-marigold	skeag Voirrey
nodule of bladder wrack	costraylyn ferrish
No kidding	Gyn breag erbee
nom de guerre	ennym caggee
nom de plume	ennym screeuee
nomen agentis	ennym jeantagh
nominal value	leagh ennymagh
non commissioned officer	fer oik neuchomishoonit; lhiass 'er oik
non-Manx firms	colughtyn nagh vel Manninagh
non-stop rain	neusloateil
non-territorial language	chengey neu-hallooinagh
Nook of Olaf's Farm	Cooil Ulyst
Nook of the Brackan	Cooil ny Vraghane
Nook of the Pods	Cooil ny Fynneig
Norris' Farm	Balley Norris
Norris's Croft	Croit Norris
Norris' Tidal Rock	Bowe Norris
Northern Neighbourhood Policing Team	Skimmee Meoirsnys-Shee Ynnydoil y Twoaie
northern oriole	ushag airhey hwoaie
northern waterthrush	treshlen ushtey twoaie
North Lakelet	Loughan Hwoaie
North New Enclosure	Close Noa Twoaie
north pole declination	jee-chleaney ard y twoaie
North Shrubbery	Garee Twoaie
Norway haddock	addag Norlannagh
Norway pout	giare-chutt; Loghlynagh
Norwegian topknot	liehbage Norlaanagh
Norwood Drive	Imman Norwood
nota bene	gow baght
no thoroughfare	raad dooint
not negotiable	do-varganagh; neuvarganagh
Nova Scotian	dooinney ass Nalbin Noa; jeh Nalbin Noa
Ir. Samhain	Mee Houney; Sauin; Toshiaght Gheuree
nuclear capability	jargaght; jargaght cheshvane
nuclear fission	scoltey chesh-veanagh
nudge with nose	broddey; sonkal
null and void	ass bree
Nurseries and Pre-schools	Brastyllyn Oikanagh as Ro-scoillyn
nursery governess	benainshtyr clienney
Nursing and Midwifery Council	Coonseil Boandyrys as Freealtys
nutcracker chin	smeggin corrinagh; smeggyl corranagh
nux vomica	musk-chro
nylon stockings	oashyryn nailyn
leaystey sooilley	kiarkyl; Bible
Oakhill Close	Close Cronk Darragh
Oakwood River	Awin ny Darragh
oatcake in milk	broish
Oates' Farm	Balley Oates
Oates' Mill	Mwyllin Oates
Oats' Division	Rheynn Corkey
Oats' Gravel Bank	Ayrey Corkey
Oat's Ground	Thalloo ny Phlaggad
Oat's Marsh	Curragh ny Plaggad
obeisant person	ammyssagh
obituary column	colloo ny merriu
obituary list	rolley ny merriu
obituary notice	fogrey baaish
obtuse angle	uillin veayl
O'Carnigan's Height	Ard Carnigan
occluded front	breid vestit; toshiaght dooint
occupational pension	penshyn-keirdee
OConnely's Tomb	Lhiabbee OConnaly
O'Doole's Farm	Balley Doole
of a cockerel	kellee
of a stripper-cow	gounee
offertory plate	curjeig
off the ration	seyr veih'n lowanse
of his own volition	jeh e yoin hene
of loading	laadee
of me	jee'm; jeem; He'll take care of me
of paramount importance	kiondeeagh
of tows	barree
of us	jin; j'in; We will not any of us go to his tent&
O'Hane's Farm	Balley Hain
O'Hassey's Shieling	Eary Assey
Oh to be	Dy ve
oil-fuel boiler	coirrey ooill
oil groove	clash ooill
oil-linseed cake	keeak ooill; keeak rass-lhieen
oil stove	sorn ooill
oil tanker	lhong ooill; lorree ooill
old age pension	penshyn shenneraght; shenn phenshyn
old-age pensioner	shenn phenshyneyr
old buffer	shenn 'er
old-clothes man	fer shenn-eaddeeyn
old-clothes shop	shapp shenn eaddeeyn
Old Cornmill Restaurant	Thie Bee yn Chenn Wyllin Arroo
Old Enclosure	Shenn Chlose
Old Homestead	Shenn Valley
Old Man's Enclosure	Close y Shenn Dooinney
Old Road Enclosure	Close y Vollee
old stager	shenn-chompanagh
old trooper	shenn sidoor
old warhorse	shenn sidoor
oleic acid	soorid ooill
olivaceous warbler	kiaulleyder glass-lheeah
olive-backed pipit	tweet dreeym-glass
olive-backed thrush	treshlen ghreeym-glass
Onan's Height	Ard Onan
oncoming tide	roayrt
on me	orrym; That doesn't depend on me; orryms
on probation	er prowalys
on shipboard	er lhuingey
on spec	er caa
on the Greek Calends	gys Laa Boaldyn Sniaghtee
on the q.t	dy feagh
on the skyline	er yn annys
on the slant	er sceau
on tick	er daayl
on us	orrin; There is a great disturbance on us; orrinyn
ooze away	traih
opal glass	glenney opalagh
open-work stockings	oashyryn moggyllagh
opera cloak	cloagey fastyr
opera glasses	glennaghyn kiaulldramey
opera hat	edd ard
opera house	thie kiaulldramey
operating lever	dell obbree
operating system	coarys-obbree
operating table	boayrd obbraidee
operating theatre	obraidlan; shamyr obbraidee
operating theatres	shamyryn-obbraidee
opinionated talk	slatterys
opium den	guag chadlee
optical illusion	cluic hooilley; conrieught-hooilley
optical mouse	lugh shilleydagh
optical square	kern-reayrtan
optic fibre	frauaig hilleydagh; frauaig reayrtoil
oral sex	keintys beill
orange-flowered hawkweed	lus ny shynee
Oran's Church	Keeill Oran
orbital period	amm cruinlagh
orbital speed	bieauid cruinlagh
orchestral suite	straih
organic chemistry	kemmig orgaanagh
oriental pratincole	pratincoyl yn niar
Ormarr's Headland	Ormeshau
O'Rody's Shieling	Eary Rhody
O'Rogan's River Mouth	Arragon
orotlan bunting	pompee Loghlynagh
orphean warbler	kiaulleyder orpheagh
Orri's Farm	Orrisdale
ortolan bunting	pompee ortolan
osier bed	boayl shellee
osmotic pressure	chionnid trooid-heelagh
ostrich feather	fedjag ostrich
Ottar's Farm	Aust
ounce avoirdupois	unns mooar
our predecessors	nyn shennayraghyn
Outer Shieling	Eary Mooie
Outer Shrubbery	Garee Hoal
outgoing mail	screeunyn magh
outgoing tide	tidey traih
out of earshot	ass eaishtagh
out of phase	as cophaase
out of plumb	ass y jeerid
outsize person	cullimer
overcast stitch	greim harwhaalit
overcoat loop	loobane cooat vooar
overhead cable	caabyl erskyn; caabyl heose
overhead expenses	costys roie
overhead lighting	soilshey neose
overhead lines	linnaghyn heose
overhead valves	cooyllaghyn king
overseas aid	cooney mooie; pohlldal mooie
Overseas Aid Committee	Bing Cooney Har Mooir
Overseas Territories	Thallooyn harrish Mooir
overwhelming support	pohlldal lane niartal
Owle's Hill	Cronk Ould
owlet moth	lhemyn hulladagh
Owl's Division	Rheynn Hullad
Oxen Inlet	Gullad ny Ghow
Oystercatcher Road	Raad Bridjeen
paces of a horse	immeeaght; shooyl cabbil
packing box	croa paggal
packing case	kishtey paggal
packing machine	jeshaght chianglee
packing paper	pabyr paggal
packing ring	fainey phaggal
packing sheet	clabbag fliugh
paddle-box car	carr kishtey-spaag
paddling pool	ploddan
paddyfield warbler	kiaulleyder magher-reesh
Paddy's Croft	Croit Phaddy
Paddy's Field	Magher Paddy
pair of combinations	fo-vreechyn lhiungys
pair of compasses	goblaghyn
Palatine Road	Raad Palatine
palisade mesophyll	mesophyll; hionn
pall bearer	merre-vaaish
pallid harrier	shirragh bane
pallid swift	gollan glass-bane
palmer worm	beishteig loauee
pampas grass	faiyr pampas
Pancake Day	Jemayrt Innyd
pane of glass	kerrin glonney
panic monger	brasheyder sevreain
paper clamp	chionntane pabyr
Papua New Guinea	Papooey Guinea Noa
parade lap	garrey-paraid
paramilitary force	myn-armee
parcel booking office	offish chianglaghan
Parcels Office	Oik ny Myn-jeigyn
parchment leather	lhiare screeuee
Parent and Toddler Groups	Possanyn Paarant as Lhiannoo
paring knife	baarey; skynn ghaauin; skynn ghreasee
Park at Customers' Own Risk	Gleashtanyn Faagit er dty Reggyrtys Hene
parking attendant	guilley pairkal
parking fines	finallyn-pairkal
parliamentary act	aght; slattys
Parliamentary Committees	Bingaghyn Tinvaal as e Banglaneyn
parliamentary rules	reillyn ardwhaiyllagh
parliamentary system	coarys parlamaidagh
parliamentary under-secretary	fo-scrudeyr ard-whaillagh
parliamentary whip	greeseyder
Parole Committee	Bing Fockle-onnor
parrot crossbill	gob cam mooar
Parr Street	Straid Parr
parsley piert	lus ny faaiaghyn
parson's nose	prumpey kirkey; stroin y taggyrt
parson's pig	collagh saggyrt
parson's pigs	collee saggyrt
parson's wife	ben saggyrt
partial fraction	fo-chorrillagh
partially digested food	soo ny gailley
parula warbler	kiaulleyder parula
pasque flower	lus ny Caisht
Passenger watchdog	Arreydagh-troailtagh
passe-partout frame	fraamey pabyr
Passionate about Learning	Jeean er Ynsagh
passionate woman	ben er finnue
passive voice	coraa surransagh; fwee surransagh
pass-out check	pass fillit
Passport Office	Oik Kiedyn Troailt
pastel green	bane-ghlass
Pastoral Measure	Saase Bochillaght
past participle	adjeeaght vreearagh
pastry cook	coagyrey teayst
patent fuel	conney co-ghlooit
Patrick Caine's Croft	Croit Patrick Caine
Patrick's Turbary	Moanee Pherick
Patrick's Wife's Gully	Gullad Ben Parry
paupers' grave	ruillick ny moght
pavement artist	aghtallagh straiddey; ellyner straiddey
paviour's rammer	donkan
peaceful coexistence	covaghey sheeoil
pea crab	partan vog
pea jacket	cooat ollanagh
peaked hat	edd birragh
pearl diver	eeasteyr pearlyn
pearl fishery	eeasteyrys pearlyn
pearly everlasting	lus y chadee
pear switch	cramman peearagh
pear tree	billey peear
pea soup	anvroie pishyragh
Peaty Farm	Balley Moainey; Balley Moaney
peaty ground	grunt moainey
Peaty Wilderness	Eaynagh Moainee
Pebble Beach	Traie ny Bwaagyn
pebbly seashore	boorey
pechora pipit	tweet pechora
pecky hen	kiark spulgagh
pectoral girdle	cryss chleeauagh
pectoral sandpiper	leayrane cleeauagh
pecuniary difficulties	arkyssyn; egin argid
pedagogical method	saase ynsee
pedestal table	boayrd laanagh
Peel Carnival	Feish Phurt ny h-Inshey
Peel Clothworkers School	Scoill Obbreeyn-eaddee Phurt ny h-Inshey
Peel Engineering	Jeshaghteyrys Phurt ny h-Inshey
peen hammer	corr-oard
pee of anchor	gob
Peeping Tom	Thom Keekagh
Peg's Croft	Croit Pheg
pellitory of Spain	lus ny Spaainey
pelting with rain	deayrtyey fliaghey
pelvic traction	tayrn ny lurgaghyn; tayrn pelvishagh
penal law	leigh cherree
penal servitude	pryssoonys kerree; shirveish cherree
penal system	coarys-kerree
penduline tit	myntan croghee
pen nib	gob penney
penny gaff	theater seyr
penny-in-the-slot machine	jeshaght phingey
Penny Land Gorge	Breid Farran Fing
Pension Fund Accounts	Coontyssyn y Sthock-argid Penshyn
pension supplement	penshyn brash
pent roof	clea lhoobagh
pent up	doont stiagh
penurious woman	jeirag
People's Farm Shrubbery	Garee Valley ny Sleih
pep pill	milleen bree
peptic ulcer	askaid pheptagh
peptide bond	nastey peptideagh
pep up	cur bree ayn
per annum	'sy vlein
per contra	er yn cheu hoal
percussion cap	capeen bwoallee
percussion pin	freeney bwoallee
peregrine falcon	shirragh y ree
perfect cadence	lane-ghooney
performance specialists	oayllee-cooilleenee
Periodic Table	Taabyl ny Bunstooghyn
periodic table of the elements	taabyl reiltagh ny bunstooghyn
Periwinkle Shore	Traie Feoghaig
permament memorial	cooinaghtane beayn
pernicious anaemia	aneemaght varrooagh
perpendicular fall	marroo-lhieggey
Persian Gulf	Giau Vooar ny Pershey
personal allowances	lowanseyn persoonagh
person of Colonsay	Collasagh
perversion of justice	cassey briwnys
pests and diseases	noidyn as; hingyssyn
Peter's Gully	Gullad Pheddyr
petition for the redress of grievances	aghin dy chiartaghey aggairys
petrol pump	troggeyder-pedryl
pettifogging lawyer	mynleighder
petty sessions	quaiylyn beggey; whaiyl ghiare
petty whin	aittin beg
pheasant's eye	lus ny ben-jee
Philadelphia vireo	glass-eean Philadelphia
Philip Cowin's Croft	Croit Philip ny Cowin
phrasal verbs	breearyn yl-ocklagh
pia mater	coghal ny henneeyn; moir vog
piano accordion	builg vairagh; kishtey kiaullee
Pickard's Enclosure	Close Pickard
pictorial representation	tuarastyl jallooagh
picture framer	clowanagh caslyssyn
piebald horse	cabbyl breck
piebald horses	cabbil vreckey
pied-billed grebe	greeb gob-breck
pigeon fancier	troggeyder calmaneyn
Piggery Slope	Liargee ny Mucklagh
pigmy shrew	thollag 'aiyr
Pig's Croft	Croit ny Muc
pig's fat	sahll vuickey
Pig's Fold	Bwoaillee ny Muck
Pigs' Fold	Bwoaillee ny Muc
Pigs' Harbour	Purt ny Muck
Pigs' Hill	Cronk ny Muickey
Pigs' Lakelet	Loughan ny Muck
Pig's Point	Gob ny Muck
pig's ring	stroineen
pig's trotters	cassyn muickey
Pig's Turbary	Moannee Vuckey; Moaney ny Muckley
piked dogfish	scoargagh
piled up	carnaneagh
pile fabrics	eaddeeyn fynnee
pillbox hat	bayrn runt; edd cruinn
pillion passenger	markiagh pilleen
pilot balloon	balloon geayee
pilot jet	skioot cowree
pilot's cabin	cabbane stiuree
pincer movement	gleashaght phinjooragh; pinjoorghleashaght
Pinehurst Glen	Glion Juys
pine marten	assag ny miljyn; kayt ny miljyn
Pinfold Enclosure	Close ny Punt
Pinfold Shrubbery	Garee Phundail
pink-footed goose	guiy Eeslynnagh
pistol shot	orraghey pistol
piston ring	fainey hooaghan
piston rod	slat hooaghan
piston stroke	builley sooaghan
pitchfork for dung	gollage eoyllee
Pit Shieling	Slough Eary
Pitts' Croft	Croit Pitts
Place of the Nooks	Boayl Injeigyn
placket hole	fosley ayns rumbyl
plank down	boayrdey sheese
Plank Lakelet	Loughan ny Maidjey
Plank Road	Bayr ny Claairey
planning appeals officer	Offishear ny h-aghinyn-plannal
planning inspector	scruteyder-plannal
plasma membrane	far-chrackan plasmagh
platinum blonde	caillin fynn-vane
play ducks and drakes	jollickey
pleasant featured	jeih-ghrooishagh
plenary indulgence	lane-lhaggey
Plimsoll line	clat
ploughed field	magher traaueit
ploughed land	thalloo jiarg
plough irons	yiarn shesheree
plug away	gobbragh roish er
plug in	cur dy valley
plug switch	slattag phlug
plug tobacco	tombaacey plug
plug up	stoppal seose
plumb bob	pontreil
plumb crazy	slane baanrit
plumb in the centre	'sy chesh vean
plumb line	pontreil
plumb rule	claare pontreilagh
plum duff	putage y Nollick
plump-cheeked person	puissag
plural vote	yl-heiy
plus handicap	mee-vondeish
pocket camera	shamraig phoggaid
pods of foxglove	frappyn jiargey
Poet Laureate	Ard-vardoonagh ny Benrein; Ard-vardoonagh yn Ree
poignant ceremony	jesh-chliaghtey toghtagh
point of nipple	beinn y chee
poison arrow frog	rannag steab nieu
poison dart frog	rannag steab nieu
poking with forefinger	corraghey
polar bear	maghouin bane; maghouin marrey; mucawin-bane
Polar circle	kiarkyl yn ard
polar lights	lossan ny jiass; lossan ny twoaie
police detention	fo ghlass ec y Phollys
Polish Corridor	Bollagh ny Polann
political analyst	oltscarreyder politickagh
political detainee	cumrailagh politickagh
polo-necked sweater	gansee-mwannalagh
polo stick	maidjey polo
polypody fern	renniagh ny dhieyn
pontoon bridge	droghad pontoon
poop deck	boayrd jerree
Poor Bogs	Bogyn Boght
Poortown Quarry	Quarral Balley Poer; Quarral Valley Poer
Pope's eye	fairaig ny lheshey
poppet valve	cast-chooylley; cooylley phobbad
porcelain clay	cray phorslyn
porcupine fish	caulgan marrey
pork chops	asnaghyn muickey
portable computer	glioonag
portable radio	radio laue
Port Askaig	Purt Askagh
portrait painter	peinteyr cochaslys
Port Soderick	Purt Soderick
Port Soderick Glen	Glion Phurt Soderick
post chaise	couch post
post-graduate programmes	claareyn eear-cheimagh
post meridiem	'syn astyr
post mortem	erreish da baase
potage du jour	anvroie yn laa
potash water	ushtey potash
potassium nitrate	creg hollan
potato blight	gorley ny praaseyn
potato crisp	brishlag praase; lhiannag phraase
potato starch	stark praase
pottage of lentiles	poddash dy lossreeyn
Potted Desserts	Miljagyn ayns Puit
potter's lathe	deill pasheyder
potter wasp	pasheyder beg
pound sterling	punt Sostynagh
power installation	cur stiagh cummaghtys
praying mantis	fadeyrag; mantys crauee; meeyl chrauee
predictive texting	teksal ro-inshagh
preference share	reih-ayrn; ronney teih
pregnancy termination of	cur jerrey er thorrid; mooghey mwaneyn
Prehistoric Archaeology Gallery	Laare son Shenndaaleaght Roie-hendeeagh
prehistoric record breakers	brisheyderyn-recortys ro-hendeeagh
abandonment	faagailys; lhiggey lesh; treigeilys
abater	meeineyder; leodagher; fer-lhieggee
abbess	ard-chaillagh; ard-chaillagh ghoo; ard-ven reill
abbreviate	aagherrey; giarrey; girraghey
abbreviated	aagherrit; giare; girrit
abdicate	ceau jeh; irree ass; lhiggey voish
abdicated	ceaut jeh; currit seose; irrit ass
abdication	coyrt seose; cur seose; irrey ass
abdomen	bolg; brooinney; tarr
abdominal	bolgagh; bolgey; brooinnagh
abed	er y lhiabbee; 'sy lhiabbee; They are late abed
abetting	greinnit; greesaghey; Aiding and abetting
abettor	brasneyder; greinnagh; greinneyder
able-bodied	abyl; corplajer; lajer
abolitionist	dolleyder; scrysseyder magh; dollee
abortive	anappee; leahree; louyragh
abridged	giare; giare-chummaghyn; girrit
abrogation	neuyannoo; dolley magh; jannoo gyn bree
abrupt	cuttagh; doaltattym; geyre
abruptly	doaltattymagh; dy cuttagh; dy doaltattym
abruptness	cuttid; doaltattymid; doaltattymys
abscess	askaid vooar; bolgan ingyragh; lhieeney ingyragh
abscond	feolaghey; roie er chea; scapail
absconder	cheader; feolagh; scapailagh
absoluteness	ard-phooaralys; jerrinaght; slaneid
absolved	feayslit; leihit; maiht
absolver	feaysleyder; fer feayslee; maihder
absorb	jiole seose; maanal; soo stiagh
absorbent	chirmeyder; maaneyder; jioleagh
absorbing	jioleagh; maanagh; sooagh
absorption	maanalys; sluggey; soo
abstergent	glennee; nieeagh; stoo glennee
absurdity	meecheeayllid; ommidys; ommidjys
abuser	caartreyder; oltooanagh; casseyder
abusive	caartragh; drogh; drogh-ymmydagh
abut	cochagliaghey; sheeyn ry-cheilley; sheeyney ry-cheilley
abutting	cochagliagh; cochagliaghey; quaaylagh
accelerate	greesaghey; siyraghey; troggal bieauid
accessories	cullee coonee; corylagh; fir choonee
accessory	colughtagh; fer coonee; gliggyr
accidentally	dy taghyrtagh; dy tuittymagh; trooid taghyrt
acclimatization	cheet gys cheeraght; cliaghtey; coyrt gys cheeraght
accommodate	kiartaghey; reaghey; I can accommodate myself to it
accommodation	aaght; He couldn't get accommodation anywhere else,; boayl-fuirraghtyn
accumulate	carnanaghey; chaglym; chymsaghey
accumulation	chymsaght; sheebey; thummid
accuracy	currym; currymid; kiartys
achievement	ard-nhee; ard-obbyr; cooilleeney
acidify	goll sharroo; jannoo geayr; jannoo sharroo
acidish	beggan geayr; lesh y cherruid; sharrooagh
acquiescent	aashagh; coar; lhie roish
acquisition	cosney; feddyn; geddyn
acquisitive	cosnee; feddynagh; sayntagh
acquittal	cooilleeney; lhiggey; lhiggey jeh
acridity	gargid; geyrid; sherriuid
acrimony	gargid; sherriuid; gort
activate	bioyraghey; greinnaghey; jannoo bio
actuality	firrinys; jerriuid; rieughid
adherent	eiyrtyssagh; lhiantagh; lhiantynagh
adhesion	greimane; greimmey; lhiantynys
adieu	bannaght ayd; bannaght eu; bannaght lhiat
adjournment	arraghey; scuirr; shaghnys
adjutant	co-yantagh; cooneyder; fer coonee
administratorship	reireydys; sheckteragh; sheckterys
admirer	blakeyder; fer sooree; gimman
admiringly	lesh ammys; lesh taitnys; lesh yindys
adolescent	aeg; aegidagh; aeglagh
adrift	er shaghryn; I went adrift there; gimmee lesh yn troa
adroit	abyl; jesh-laueagh; gastey
adroitness	ablid; jesh-laueys; schlei
aerated	aeragh; gassagh; aerit
aeronautical	aer; aer-lhuingyssagh; aer-shiaulteyragh
affectation	cur er; foalsid; lhiggey er
affectedness	cur er; far-chliaghtey; lhiggey er
affluence	palchid; palchys; sonnys
afloat	bio; boggit; er yn eaghtyr
aforethought	roie-chiarit; roie-smooinit; rolaue
aft	ec jerrey ny lhuingey; ec y jerrey; gys jerrey ny lhuingey
after-days	laghyn ny yei shen; laghyn ry-heet; traa ry-heet
agape	beeal-foshlit; foshlit; lhongey graih
agate	agaid; clagh schimmeigagh; agate
aggravate	cur corree er; cur ferg er; cur hug
aggravation	brasnaghey; mooadaghey; tromaghey
aggression	aggair; kied-woalley; chied vuilley
aggressive	aarloo dy woalley; baggyrtagh; Aggressive appearance
agility	gastaght; gastid; skibbyltys
agitate	coghreesaghey; gleashaghey seose; greesaghey
agitator	coghreeseyder; greeseyder; seiyder
agnosticism	meechraueeaght; meechredjue; ourys
agonizing	aaghaeragh; angaaishagh; ard-phianjagh
agrarian	cheeroil; magheragh; obbree thallooin
agreements	coardailyn; coardailyssyn; These agreements make for peace,
airless	breen; gyn aer; plooghagh
airwoman	ben aer; ben etlagh; ben 'syn armee aer
ajar	beggan-foshlit; foshlit; lieh-foshlit
alacrity	arryltid; arryltys; laueys
albumen	fynnican; giallican; tharrey fynnican
alcove	bwaag gharagh; cuilleig; far-uinnag
alertness	arreydys; geyre-chooishaght; geyre-inchynys
alfresco	cheumooie; fo'n speyr; mooie fo'n aer
alias	er ennym elley; far-enmyssit; far-ennym
alienable	gioaltagh; scartagh; scartoil
alienation	cur ass cair; feayraghey; scarrey
allegiance	ammys; fomys; urrym
allotter	lotteyder; loweyder; rheynneyder
all-round	yl-cheirdagh; dagh cheu; All-round improvement
all-seeing	ooilley-fakin; ooilley-reayrtagh; ooilley-reayrtys
allurement	breigid; cleaynaght; cleayneyraght
allusion	cheet er; faaue; sannish
ally	cheughey; cumraag; fer coonee
aloft	er-lout; erskyn; heose
aloof	er cheu ny geayee; er lheh; quaagh
altercation	streeu; troiddey; argane
alternate	cor; Each alternate week; eddyraghey
amber	ombyr; ombyragh; amber
ambidexterity	co-yeshys; jesh-laueaght; jesh-laueys
ambitious	gloyrviandagh; mooaralagh; raadagh
ambulance	carr surranse; carr-lheihys; gleashtan lheihys
ambulatory	raghidagh; shooyl; cassan killagh
amiability	graiharaght; graihoilys; graihys
amiableness	gennallys; graihoilys; taitnyssaght
amicableness	caarjoilid; dooieys; caarjys
amnesty	feaysley cadjin; jannoo maihnys er; jean maihnys er
amorous	cannooagh; er cannoo; graihagh
amorphous	gyn cummey; gyn jannoo; jee-vorfagh
amplitude	lheead; mooadys; skyoltys
anaesthetized	anloaghit; currit ny cadley; kyrloghit
analgesic	anloaghtagh; kyrloghee; moogheyder pian
analgetic	kyrloghee; moogheyder pian; meeineyder pian
anarchy	anreill; meereiltys; mee-reiltys
anchored	akerit; kianglt; lhie ec acker
angrily	dy corree; dy fargagh; dy fergagh
anguished	angaaishit; lane angaaish; torchit
angular	cooiljeigagh; corneilagh; injeigagh
anneal	creoiaghey; creoighey; tempreil
annihilate	cur gys neunhee; cur lesh gys veg; cur mow
annihilation	neunheeaghey; neunheeys; skeeabey lhome
announcer	beealeyder; insheyder; soilshaghey magh
annoyed	anveaghit; corree; It annoyed him
anonymous	gyn ennym; neuenmyssit; neuennymagh
antagonism	asschaarjys; noidys; streeuailtys
antagonist	ancharrey; noid; streeuailtagh
antagonistic	anchaarjagh; noidagh; streeuailtagh
antagonize	cur asschaarjys er; cur noidys er; cur streeuailtys er
antecede	cheet rolaue; goll roish; goll rolaue
antenuptial	roish y phoosey; roish y vannish; rophooseydagh
anthology	skeealyn chaglit; teihys daaneyn; ynsagh blaa
antique	shenn red; shenndaght; shenn-emshiragh
antiseptic	annieuagh; annieunid; noi-ingyrane
anymore	arragh; sodjey; sodjey
ape	eapey; ape; apey
aperient	feashlagh; feayshlee; purgaidagh
aphorism	raa keeayllagh; raa reiht; shenn-raa
apiary	shellaneyrys; thie shellan; ynnyd hellan
apocalypse	ashlish; neuvreidaghey; taishbynys
apocryphal	apocryphoil; jeh jatterys neuhickyr; neuhickyr
apoplexy	builley-chingys; chingys-buillee; gorley neealagh
apparition	arraght; ashlins; faaish
appeaser	fer kiunee; kiuneyder; meeineyder
append	cur da; Append your name; kiangley rish
appetiser	geyreyder gailley; miandys; naightee
applause	bassey; builley bassyn; moylley
applicability	cairys; cooieid; jeshid
apposite	kiart; jesh; cooie
apposition	co-aishnyssagh; co-aishnys; cheu ry heu
appraiser	feeagheyder; leagheyder; prioseilagh
approvingly	dy foayroil; dy meiygh; lesh foayroilid
aqueduct	ammyr ushtey; droghad ushtey; feddan
arbitration	briwnys; eddyr-chiartaghey; reagheydys
arbitrator	eddyr-chiarteyder; fer reaghee; reagheyder
arbour	bwaag gharagh; bwaag-gharey; She has hidden herself behind the arbour1
arcade	arcaid; cassan coodit; cassan fo-chlea
argentiferous	cummal argid; lane argid; lane d'argid
arguments	arganeyn; resoonyn fondagh; Bible
armchair	caair vooar; stoyl drommey; You haven't an armchair!
armful	lane-aghlish; gleih; Armful of straw
armhole	seih; towl aghlish; achlish
armourer	armeyder; eilleyder; gaaue armyn
arraign	cur lesh gys briwnys; jannoo cassid er; jannoo cooish-leigh noi
arrogance	ard-wannalys; kione-ardys; mooaralys
arson	foaddey; lostey joinagh; losteyrid
artful	aghtal; cooishagh; ellynagh
artfully	dy cooishagh; dy chooishagh; dy schleial
artfulness	cooishaght; croutid; ellyn
articulate	flaaoil; fockley; glick
articulation	cur ayns olt y cheilley; fockley; loayrt
artifice	cluigid; clugeid; croutid
artificialness	conrieughid; ellynaght; laue-jantys
artist	aghtallagh; ellyneyr; peinteyr
artistic	ellynagh; keirdoil; schleideragh
artlessly	dy ynrick; gyn ellyn; gyn keirdoilaght
ascendant	ardjeeagh; girree; goll seose
ascription	cur gys lieh; cur sheese da; lhiassaghey
ashy	jeh daah leoh; jeh daah yn vaaish; leoieagh
asperity	barbid; gargid; garrooid
asphalt	asfalt; pick; cur asfalt er
aspirate	boggaghey; ennalaghey; boggit
aspiration	ard-vian; boggaghys; ennalaghey
asset	cooney mooar; He is a great asset to them; stoyr
assiduity	jeadid; jeadys; jeeanid
assign	cur seose da; enmyssagh; livrey
assignment	currym; livreys; staartey
assuage	meein; castey; cur aash er
assuagement	aash; kiunid; meeinaghey
astern	cooyl; They had the wind astern; ergooyl
astraddle	goalaneagh; goalscarrey; goalscartagh
astrologer	astroayllee; faaishneyder rollageagh; fer fysseree
astrology	astroaylleeaght; faaishnys rollageagh; far-rollageydys
astuteness	creenaght; geyre-chooishaght; kiootid
athenaeum	athenaeum; lioarlann; shamyr lhaih
athletic	gastey; roortagh; thollee
atmospherics	aeraghtagh; tarmeshtey; tharmane
attach	greimmey; kiangley; kiangley rish
attendant	farkiagh; fieaumanagh; shirveishagh
attentiveness	arreydys; currymid; frioose
attenuate	keylagh; sheeyney magh; thannaghey
attenuated	keyl; sheeynt magh; thanney
attenuation	keylagh; sheeyney magh; thannid
attest	cur fo loo; jarrooaghey; ymmyrkey feanish
attestation	cur fo loo; gymmyrkey feanish; jarrooaghey
attitude	shassoo; ymmyrkey; That's his attitude
attract	cleayney; tayrn; She wants to attract notice!
attractive	bwoyagh; cleaynagh; tayrnagh
attributable	so-chur ass lieh; so-chur gys leih; so-chur sheese da
auditor	clinneyder; feyshtynagh; scruteyder
augur	faaishneyder; ginsh ro laue; insh rolaue
augury	faaishnys; August; Ir. L
nasa	chied vee jeh'n Ouyr; Luanistyn; Mee Luanistyn
aurora	fainey yn laa; lossan; madran
authentic	barrantoil; feer; firrinagh
authenticity	barrantoilid; feerid; firrinys
authoritative	bunneydagh; chiarnyssagh; kionyssagh
authorize	cur eaghtyrys da; cur kied da; cur pooar
autograph	autograaf; ennym scruit; autograafaghey
ave	dy bannee dhyt; failt; slane ayd
averseness	feohderaght; feohderys; neuaggindys
avid	jeadagh; jioogh; jollyssagh
avidity	jeeanid; jiooghid; jollysid
awareness	dooishtid; enney; oayllys
awestricken	atchimit; fo aggle; fo atchim
awhile	dreayst; Wait awhile; rish tammylt
axiom	baghtaght; feerid; jarroo-raa
baa	maa; maalagh; maaley
backband	bann drommey; dromag; dromagh
backsight	cooyl-hroir; cooyl-vaghtane; cooylreayrt
bad-tempered	caulgagh; grinn; correydank
baffle	cur dellid er; molley; skian
baiting	bitey; brasnee; cur bite er
bale	bundeil; kionnan; teaumey
baled	bundeilit; kianglt; teaumit
baleful	doogh; olkyssagh; trimshagh
baler	bundeiler; bundeileyder; teaumeyder
baling	bundeilee; bundeiley; teaumee
balk	bac; dreeym ingagh; immyr vane
balloon	balloon; eddrymane; mollag
balmy	balsymagh; baumagh; millish
balsam	balsym; balsym beg; ooil lheihys
bankrupt	banc-vrisht; brishtagh; brishey
barer	baareyder; lommeyder; s'lhomey
barmaid	ben lhionney; caillin lhionney; inney vaayl
barman	dooinney lhionney; fer lhionney; guilley lhionney
baronage	barranaght; barroonaght; lioar ny barranyn
barrack	barrick; thie sidoor; troggal musthaa
barrenness	gennishid; neughooieid; neuvessoilid
barricade	creagh fendeilagh; cur creagh fendeilagh er; dooney
barter	maylart; coonrey; co-choonrey
bash	builley; labb; bwoalley
basin	awin-tragh; lhong-phurt; moir ny hushtaghyn
bathtub	tobbyr niee; tobbyr oonlee; tubbyr oonlee
batten	claare; deal; slat
battery	battree; kishtey pooar; bwoailtys
bawl	baic; cur baic ass; gloaral
be	bee; Be civil towards everybody; bee-jee
beachcomber	faarkey mooar; ronseyder traie; tonn vooar
bead	beed; cruinneen; grineen
beading	beedyn; meil; meill
bearskin	crackan maghouin; edd gheayshteenagh; sheh vaghouin
beastings	gernooys; groonoays; groosniuys
beastliness	baaghtys; beishtaght; broutid
bedding	coonlagh; eaddeeyn lhiabbagh; stoo lhiabbagh
bedraggle	jeyllaghey; lhuddyraghey; lhuddyral
beetle-browed	ard-volleeagh; deamey; trome-volleeagh
befog	coodaghey lesh kay; cur bodjal er; dallaghey
befoul	breinnaghey; broighey; sallaghey
begone	gow dty raad; gow royd; immee
begrudgingly	dy trooagh; lane mooaraghey; lesh mooaraghey
behoof	er son foays; er son peiagh ennagh; vondeish peiagh ennagh
belabour	broojer; bwoalley; cur da
belated	anmagh; jerrinagh; moal
belay	cur lhoob ayn; lhie fo chlea; kiangley
beldam	caillagh phishagagh; shenn-chaillagh ghraaney; joushag
beleaguer	chionney stiagh er; cruinnaghey mygeayrt; dy chruinnaghey runt mygeayrt
belfry	claggys; shamyr chluig; thie cluig
bell-like	clagagh; clagganagh; kiaullaneagh
bellowing	buirrooghagh; buirrooghey; garveigagh
bellyache	gorley gailley; chingys builg; cremey
benevolence	aigney mie; dooieid; my-chreeys
benumb	kyrloghe; kyrloghey; neuvioyraghey
benumbing	kyrloghagh; kyrloghey; neuvioyraghey
berried	berrishagh; skeaghagh; smeyragh
bestiality	beishtaght; cannooid er beiyn; geddyn marish beiyn
betting	bettal; chebbal; cur gial er
bevel	battyr; bevyl; cur bevyl er
bias	bai; courchleayney; courchleayney moggyl
bib	brat chleeau; broghil; paggan
bibliography	claare lioaragh; lioar lioaragh; lioar-oayllys
bickerer	jengleyr; streeuailtagh; troiddeyder
bickering	ganglaneagh; ganglaneys; jengleyragh
biddable	chebballagh; so-choyrlaghey; so-ghleayshagh
big-headed	corvianagh; mooar-chioneagh; mooaralagh
bigness	mooads; mooad's; mooarid
billet	billad; oardagh billad; obbyr
billowy	bolgagh; freaynagh; tonnagh
bi-monthly	gagh cor vee; gagh nah vee; keayrt 'sy chegeesh
biographer	bea-skeealeyder; beashnyseyr; screeudeyr-vea
biparous	daa-vhertagh; lannoon-vhertagh; lannoonagh
bird-catching	eeanleydys; foodlagh; tayrtyn eeanlee
birdlime	gleiy ghlass; gleiy ushag; glooee eean
birthmark	boayl jiarg; cowrey breinney; cowrey ruggyree
bistort	bossan ardnieu; glioonagh ghuiy; glionnagh ghuiy
bitter-sweet	croanreisht; feoh gorrym; lus ny hoie
bivalve	daa-chooylleydagh; daa-fioosagh; daa-vleaystagh
bivalvular	daa-chooylleydagh; daa-hliggagh; daa-vleastagh
blabber	beealeragh; beealerey; blob
blackcap	bayrn doo; kione doo; kione doo ny yeeiginyn
blackhead	foillan kione doo; guirrin doo; pluccan doo
blacklist	crossey; cur 'sy lioar doo; Blacklist someone&
blackout	dolley; She had a blackout; dolley inchyn
blackthorn	drine airn; maidjey drineagh; airnag
bladed	foghanit; my yeeass; oashyragh
blamelessness	gyn loghtynid; meechyndid; neuchyndid
bland	meein; meeley; meen
blandishment	breigeydys; brynneraght; goan meeley
blankness	baneid; folmid; merriuid
blatancy	foshlid; kiaullane; kiaullaneys
blazon	armys; fograghey magh; moylley er ard
bleach	giallagh; giallaghey; thoarey
bleaching	giallaghey; giallee; thoaree
blear	goorlagh; jannoo dorraghey; jannoo dullyr
blear-eyed	goorlagh; goortagh; kiebeigagh
blight	scaa; ceau scaa er; cur lesh y gorley praase
blighted	fioghit; fowanit; lommanit
blightedness	fioghey; fowanys; lommanys
blighting	fowanagh; Dry, scorching, blighting wind; fowanaghey
blindfold	coodaghey ny sooillyn jeh; cur doallag er; doallag
blinding	dallee; doallaghey; doallee
blithe	creeoil; gennal; reagh
blockade	chemmaltey; chemmaltys; glassagh
blonde	bane; fynn; ben vane
bloodsucking	soo-folley; croaganys; croaganagh
blubber	chiu; saill; sahll
blubber-lipped	beeallagh; chiu-veeallagh; chiu-veillagh
blubbery	blennickagh; sahllagh; keaynagh
bluebottle	blaa arroo; carchuillag ghorrym; guilley gorrym
bluff	baggyrtys; Call his bluff(; baggyrtys follym
bluffness	groaishaght; ughtagh; ughtid
blundering	goll er shaghryn; lutchey; lutchynagh
bluntness	bryntid; bryntys; moalaght
blur	cummey do-akin; mee-chummey; It was just a blur
boarding	claareyn; foiee; maidjey
boardroom	shamyr choyrlee; shamyr y vuird; shamyr boayrd
boaster	boasteilagh; boasteyr; boggysagh
boastfulness	boggys; boggysaght; mooaralys
boatman	baateyr; fer baatey; guilley baatey
boatyard	cooyrt lhuingey; cooyrt vaatey; lhong-chaardee
bode	insh rolaue jeh; insh rolaue; jannoo faaishnys jeh
bodiless	gyn callin; gyn corp; neu chorpagh
boggy	boglagh; curree; claddee
bogus	breagagh; foalsey; gyn bun
boisterous	annymoil; garroo; rastagh
boneless	gyn spyrryd; mettey; Bonelli
boo	arrish; arish; garrish
boob	sheeiney; sheeint; thoot
bookish	currit da lioaryn; lhaihagh; lioaragh
boom	bisheydys; There is a boom in cattle now!; The boom of the waterfall
boorish	bonkanagh; erroonagh; fadaneagh
booster	aaniartaghan; moylleyder; troggeyder
boozer	floddan; meshtallagh; thie lhionney
borderless	gyn chemmal; gyn joarey; gyn oirr
borrowing	eeasaght; eeassaghey; eeassee
bot	gorley garroo; martlhan chabbil; muttog
botanist	bossaneyr; lus-oayllee; lusseyr
botany	bossanys; lus-oaylleeaght; oayllus
botcher	brockeyder; clooidagh; milleyder
bottling	boteilagh; boteilaghey; cur ayns boteil
bounce	clistal; clistey; daanys-chree
bouncing	clistagh; skibbylt; bounsal
bower	bwaag; grianane; scaa biljagh
bowlful	lane juist; lane meilley; lane skaaley
bowman	boogheyder; boweyder; sideyr
boxlike	coyroil; gollrish kishtey; kishtoil
boxroom	shamyr chishtey; shamyr hrustyr; shamyr scudlee
boyhood	eash yn ghuilley; guillaght; macnaght
brackish	gort; sailjey; slappagh
bragging	boasteilagh; boasteilys; cabbaragh
brainless	bonkanagh; frittagh; gyn inchyn
brambling	briggin y cheirn; corkan drine; dressag vane
branching	banglanagh; banglanaghey; stholey
brat	eean; Who's that little brat?; paitchey
brawn	myneill; tholleeid; tholleeys
breached	barnit; brisht; branlaigagh
breeder	crooder; sheelreyder; troggeyder
breezy	bioal; bioyr; geayeeagh
breve	cowrey girrid; lane-noatey; screeuyn veih'n Phaab
brevity	cuttid; gerrid; gerrit
brindle	brack; brackan; breck
broadcaster	creeleyder; scaalheaneyder; ym-skeaylleyder
broadening	lheanaghey; lheanee; lheeadaghey
broadest	s'lhea; The broadest river; shlea
broil	greddey; jannoo boiraneys; rostey
broiling	greddee; greddey; rostey
brolly	fascadagh; fascaidagh; scaaliaghee
bronzing	cur ooha er; dhonaghey; ruyaghey
brownish	dhoanagh; lesh yn dhoanid; lieh-ghoan
brunette	ben ghoan; caillin dhoan; dhoan
brunt	chooid smessey; chooid smoo; chooid strimmey
brushwood	creenagh; giare-fuygh; myncheyll
bubble	bolgan; cruinneenyn; bolganey
buckbean	lubberlab; lubberlub; lus ny garee
buckling	buggley; cammey; lhoobaghey
budgerigar	budjee; parrad Austraalagh; parrad-tonnagh
buffalo	booa oaldey; ollagh oaldey; tarroo oaldey
buffoon	blebbin; bonkan; gamshoge
buffoonery	bonkanys; gamshogeys; gannidys
bugler	cayrneyder; guilley cayrn; shellmeyder
bulging	attit; bolgagh; poagaghey
bullhead	bull-chione; kione tramman; poltag
bullying	braggartagh; braggartys; postyragh
bulrush	quiggal ny ben-shee; shuin vooar; shioon
bulwark	boalley; boalley coadee; bullick
bum	curp; thoyn; toinn
bung	bong; dhull; pluggan
bungle	brock; brockey; lutchey
bungler	brockeyder; lutchynagh; milleyder
bungling	lutchey; lutchynagh; murtagh
bunker	aber; croa gheayil; immyr gheinnee
buoyancy	cheet neear; eddrymid er ushtey; floddaght
buoying	cur magh booieyn; cur mollagyn er; floddey
burdensomeness	erreydys; laadys; trimmid
bureau	coyr screeuee; oik; The weather bureau
bureaucrat	fer oik reiltys; fer rheynn; oikreilleyder
burglary	burgleyrys; maarleeys oie; maarlys
burgle	brish stiagh ayns thie; brishey stiagh; jannoo burgleyrys er
burlesque	craidaght; craidoil; craidoilys
burr	broill; broillaghey; broilley
bust	cleeau; sheeinaghyn; keeaghyn
bustle	cooylym; musthaa; siyr
butchering	buitchooragh; buitchoorys; traartyssagh
buttercup	cass fannag; farvane; spoag
butterlike	eeymagh; eeymoil; gollrish eeym
buttery	buttee; eeymagh; eeymeraght
butting	puhttagh; puhttey; snuggal
buttock	curp; kease; keays
buttress	bhuttoor; buttoor; buttress
buzz	cronnane; sheean; skianys
by-child	fer oainjeragh; fer thammag; 'neen oainjeragh
bye	bai; cloie seyr; shaghey
by-pass	raad shaghnee; shagheydane; shallane
bypath	cassan er lheh; cassan follit; fo chassan
cabal	co-chialg; cur co-chialg er bun; dronn
cadet	doltey; mac saa; ynseydagh
caf	oastan; thie ooree; thie bee
cafeteria	thie ooree beg; cafeteyrey; oastan beg
calamitous	arkyssagh; donney; seiyjagh
calculation	claghoolys; co-earroo; coontys
caller	eameyder; keayrtagh; ylleyder
callosity	cratnagh; creoighys; seggys
callous	creoi-chreeagh; feayr-chreeagh; gyn ennaghtyn
camber	cur dreeym er; cur dromman er; dreeym
cambered	drommanagh; druinagh; lhurrymagh
camera	camerey; shamraig; shamyr vriw
campanology	claggintys; claggys; kiaullaneydys
cancellation	dolley magh; noi-oardagh; rassey
cancelled	currit ass; His licence was cancelled; dollit magh
candid	corrym; firrinagh; jeeragh
candidly	dy firrinagh; dy jeeragh; dy seyr-chreeagh
candour	foshlaght; jeerid; seyr-chreeys
candy	candee; millshan; crystley
canker	cankyr; craiughey; drogh-chleayney
cant	beeal-chraueeaght; cant; corneil veayllit
canting	beeal-chrauee; lieh-scoidey; taagraph
capacious	cummalagh; mooar; reamyssagh
capaciousness	cummalaght; reamyssaght; reamyssid
caper	caprys; clyshtey; corlheimmey
capering	clyshtey; corlheimmey; keimyraght
capillarity	feddanaght; jiooldey feddanagh; soo feddanagh
caprice	skelim; teaym; thullaneys
capsize	cur beeal fo; cur bun ry-skyn; goll beeal fo
captaincy	ard-leeideilys; captanys; toshiaghys
caption	cur fo-heidyl er; cur kione-screeuyn er; goaill teidyl
captivate	cur druiaght er; kimmey; molley
captivated	fo cappeeys; fo druaightys; fo drualtys
captivating	drualtagh; molteyragh; tayrnagh
caracole	cassey ry-lhiattee; goaill lieh-chassey ass; greeish chassee
caraway	carvey; carvish; lus gharg
carbonaceous	carboanagh; carbonoil; geaylar
careen	cur baatey er lhiattee; glenney thoyn baatey; lhie er lhiattee
career	coorse; At beginning of his career; coorse-bea
carefree	aeragh; gyn currym; neuvoirit
carn	carn; carnane; Sand bank
carousal	giensal; giense; jannoo giense
carper	grin; grinder; khennougheyder
carpet	carpad; brat laare; Will not the carpet have a border?#
carping	khennough; khennoughagh; khennoughey
cartage	cairtey; costys cairtee; leagh ymmyrkee
carver	giarreyder; grainneyder; graueder
cashier	argideyr; tashteyder; ben-argid
casino	thie-gamman; thie cronchor; thie gamman
castrator	giarreyder; greie spoiy; spoiyder
catacombs	oaighyn; oayghyn; ruillick fo-halloo
catalogue	catalog; catalogey; cur ayns ayndagh
cataract	bodjal sooilley; fynn; eas
catchword	fockle arrey; fockle raauee; lieh-ockle
cauterization	daahjey; lostey folley; spoht-lostey
cavern	ooig; sloc; guag
celebrity	dooinney ardghooagh; ennymoilagh; ennymoilid
celled	killagagh; killagh; killeenagh
cellular	ciunnagagh; killagagh; killeenagh
censored	castit; It is censored; giarrit
censure	feddyn foill ayn; jeh-voylley; oghsan
cerebral	enneeagh; inchynagh; kerebellagh
ceremonious	formoil; jesh-chliaghtagh; staydoil
cesspool	mwyllin keck; poyll keck; thorran
chafe	chehghey; jiargey; rubbey
chaffer	bargane; coau; barganeyder
chairmanship	ard-hoiederys; caairliaght; Chairman
challenge	arganey; ceau ourys er; I challenge your word
champ	snaggeragh; snaggeraght; snaggeral
champing	crimmey; Champing the bit#; snaggeraght
championship	feniaghtys; roortaght; shassooys
changeableness	caghlaaid; ceaghlid; kirkinys
changeless	gyn caghlaa; neucaghlaaee; neucheaghlee
chaperon	ben arrey; ben chooidjagh; freayll arrey er
char	breck ruy; spicheraght; daahjey
characteristic	ard-chowrey; cowreydagh; soyllagh
characterless	gyn ambee; gyn cowrey; gyn grunt
charcoal	caslys geaylagh; geayl foiee; geaylagh craue
charmed	feer wooiagh; I am charmed to see you!; lane taitnys
charming	druaightagh; obbee; pishagagh
chart	caslys; graaf; kaart marrey
chartered	er maayl; We chartered a plane from Ronaldsway,; kaartit
chastiser	custheyr; custheyder; smaghteyder
chastity	geamneeaght; glennid; moidynys
chatty	cabbaragh; cooishagh; tutleragh
cheekbone	craue eddin; craue gruaie; craue yn keeilley
cheerio	bannaght ayd; bannaght lhiat; slane ayd
cheerless	anghennal; groamagh; groymagh
cheerlessness	anghennallys; groamid; neughennalys
cheese-paring	baarey caashey; gortagh; peajeogagh
chemical	kemmigagh; stoo kemmigagh; kemmigane
chieftain	kiannoort; kione-ard; tosh
chiff-chaff	beeallerey; drean dressagh; kiaulleyder beg
childbirth	chingys clienney; er troailt; lhie hoalley
chime	bwoalley; cling; clingaghey
chin-chin	bannaghtyn; slane; slane lhiat
chipped	scolbit; speiltit; spolgit
chisel	gilb; gilbey; grainney
chitty	kiedoonys; screeuyn; teishtys
chock-full	lane da ny feeacklyn; lane da'n chrossag; lhome-lane
choosey	do yannoo magh; reihagh; teiyagh
chopper	bwoid niaghan; scolteyder; teigh
chops	asnaghyn; eallyn; I hit him on the chops
chromatic	lane-daahagh; cromaidagh; lieh-hoanagh
chronic	beayn; foddey farraghtyn; neuhurransagh
chronicle	recortey; recortys; cronnickyl
chuck	chuck; craag; jannoo chuck
churchwarden	fer jeh kiare ny killagh; wardoon killagh; piob liauyr kelk
chute	eas; lhieggey ushtey; shliawinane
cicatrize	goaill crackan; jannoo cron; screbbey
cinder	greesagh; smarage; smarage yiarn
cinema	kinemey; scannaneaght; thie jalloo
cipher	far-heean; far-heeaney; neunhee
circularity	cruinnid; kiarkylid; runtid
circumnavigate	combaasal; keayrt-hiaulley; kiarkley
circumscribe	cur cheorey er; cur lhiettrimys er; cur linney mygeayrt er
circumscribed	cheorit; lhiettrimit; ym-scruit
circumscription	cheorey; limistyr; ym-screeu
circumventory	cleaynagh; kialgagh; shaghnagh
citation	ard-voylley; coyrt myr sampleyr; symney
civilization	ard-veenid; ard-veasaght; shiveeltaght
clairvoyant	aahilley ec; She is clairvoyant; dooinney fysseree
clamp	carnanaghey; clampal; clampey
clandestine	follaghtagh; follit; keiltynagh
clang	cling; clingeraght; sheean meainagh
clannish	cleinnagh; er son y cheilley; kynneydagh
clapper	claggan; oabbyr; hengey-chlag
clarify	glenney; reddaghey; sheealaghey
classic	classicagh; mie ass towse; obbyr chlassicagh
classified	ayns rangyn; folliaghtagh; follit
classify	graaidal; rang-oardraghey; rheynn
clatter	feiyr; feiyral; jannoo feiyr
cleanliness	glennid; gillid; scuighid
clearance	chiarrey; glenney; shiaulley
clearness	baghtallys; cleerid; gillid
cleric	agglishagh; bochilley anmey; cleragh
clerkship	cleraghys; obbyr chleeree; staartey cleree
clich	raa cadjin; shenn-raa; cleeshea
clink	bwoalley cling ass; cling; clingeragh
clipped	baarit; giarrit; lhommit
cloakroom	shamyr chooat; shamyr eaddee; cuillee eaddee
clockwise	jeshal; lesh y ghrian; myr y clag
clog	braag vaidjagh; far-vraag; lhiettal
cloister	cloister; mannishter; paal vannishter
close-cropped	baarit lhome; buinnt dy lhome; lhomit
close-fisted	gortagh; peajeogagh; sondagh
close-fistedness	cribbidjys; gortaght; peajeogys
closet	closet; cooillee; cuillee
clot	binjaghey; chaghtane; chiughey
cloudiness	bodjallys; mooirjeenys; neuheelaght
cloudless	glen; gyn bodjal; neuvodjallit
clouter	builtagh; fer builtagh; labbeyder
clown	bonkan; fer aitt; gowran
clubs	baddyn; luirg; maidjaghyn
cluck	glock; scoylg; scoylgernee
clucking	glockal; gulgarnee; scoylgernee
clump	ceab; cur ry-cheilley; doss
clumsiness	maaigaght; nuyeshid; staghylys
clustered	dossanagh; chruinnee; They clustered round him
clutch	aail; greim; goaill greim er
coaching	greinnaghey; gynsaghey; gynsaghey er lheh
coalesce	co-haah; cohiangley; covestey
coalescence	co-haah; cohiangley; taah
coalfish	bloghan; gilpin; Juan Doo
coarseness	garrooid; mollid; neuveenid
coasting	cooseyraght; gyn jeshaght; gyn seiy
coated	coodit; fo brat; fo choodagh
cobble	bwaag; mooirlaig; cloodaghey
cobbled	bwaagagh; mooirlaigagh; karrit
cobbling	greasee; greaseeys; karraghey
cobweb	lhieen doo-oallee; sneeuane; feegan y doo-oallee
cockpit	cabbane y stiureyder; towl stiuree; laaragh troddan-kellee
cockscomb	keyjeen; lus ny meeyl; lus y chellee
code	coad; Morse code; reill
cog	chionney; jannoo maclioar follit; feeackle
cogent	breeoil; eignagh; lajer
cognisance	fys; oalys; raanteenys
cognition	baght; enney; fys
cognizance	fys; oalys; raanteenys
cognomen	ennym clein; far-ennym; sliennoo
cohabit	co-chummal; comyssey; cummal cooidjagh
cohabitation	co-chummal; co-hieys; cummal cooidjagh
cohere	cochiangley; colhiantyn; rere y cheilley
coherent	co-haagh; colhiantynagh; resoonagh
cohesive	co-ghreimmagh; co-haait; lhiantynagh
coiling	caslaghey; cassee; lhoobey
coinage	argid; bwoalley argid; cooinaghyn
cold-blooded	dewil; feayr-fuiltagh; creoi-chreeagh
collateral	co-cheimnagh; co-heuagh; raane
colloquial	cadjin; coloayrtyssagh; jeh'n theay
collusion	co-obbraghey; co-obbyr; co-pharteeas
colonel	curnal; cornel; They've made him a colonel
colonization	clanney; coloinaghey; coloinaght
colourful	daahoil; ornaidagh; yl-ghaait
columbine	lus Cholum; lus y chalmane; lus yn ushtey vio
coma	coamey; taaue-neeal; tappag
combed	caartit; kerit; reaghit
comber	caarteyder; cabbyl bane; kereyder
combustibility	so-ghreeshaght; so-lostagh; yn-lostagh
combustible	conney; so-ghreesaghey; sthoo ynlostey
commence	goaill toshiaght; goaill toshiaght er; toshiaghey
commensurate	cohowhanagh rish; co-trome; corrym
commissure	greim; junt; olt
committal	jannoo; kyndaghey; oanluckey
commonalty	theo; theay; sleih
commutability	co-chaglaays; ym-layrteeaght; yn-vaylartaght
commuted	ceaghlit; co-cheaghlit; maylartit
commuter	caghlaader; commateyr; coonreyder
compartment	carriads; rheynn; shamyr
compatibility	co-chordail; co-chorrymid; freggyrtaght
compensate	aayeeilley; cooilleeney; lhiasaghey
complement	aachione; co-reggyrt; dooie
compliments	bannaght; corp as slaynt; Whatever compliments he may pay you, don't beleive it=
component	co-olt; co-oltagh; rink
comprehensible	so-hoiggal; toiggallagh; tushtagh
compress	broojey; cohionney; faastey
compressible	yn-chohionney; yn-chovroojey; yn-vroojey
compromise	coardail; coardailys; cur ayns gaue
compromising	coardailagh; drogh-ouryssagh; tayrn drogh ourys er
concealment	clea; cleaght; follaghtyn
conceited	corvianagh; The less knowledge one has, the more conceited one is1; mooaralagh
concentrated	chiuit; co-chruinnit; co-ghlooit
concept	eie; sheiltynys; smooinaght
conciliation	aachaarjys; caarjaghey; reaghys
concrete	concraid; taah; concraidagh
concur	co-obbraghey; co-roie; taghyrt ry-cheilley
concussion	covuilley; polt; tharmane
condensation	co-ghlooghey; co-hiughey; druightys
condensed	co-ghlooit; co-hiuit; giarrit
condensing	cohiuaghey; giarrey; jannoo ny s'girrey
condone	lhiggey shaghey; maihaghey; pardooney
conferment	bronney; jannoo; stowal
confessional	credjue; feyshtynagh; kishtey feyshtyney
confine	cagliagh; dooney stiagh; jeigh seose
confinement	cagliaghey; dooney stiagh; lhie hoalley
confines	cagleeyn; oirryn; slystyn
confluence	cheet ry-cheilley; co-strooan; cohionnal
conform	covial; cur ayns oardagh; jannoo ayns oardagh
confuse	boirey; cur fud y cheilley; mestey
confusedness	mertraght; mundaght; nearey
confutation	cur gys veg; cur ny host; tostaghey
confute	cur gys veg; cur y vreag er; tostaghey
congeal	chiughey; glubbey; rioghey
congealable	lhejagh; yn-chiughey; yn-ghlubbey
congeniality	co-cheintys; cosoylaght; dooieid
congested	glooagh; peeaghaneagh; plooghit
congestion	glooid; peeaghaneys; plooghey
conglomerate	clagh phuiddin; covestey; jannoo bluckan
congruent	coardailagh; cooie; freggyragh
conjecture	far-vriwnys; sheiltyn; sheiltynys
conjointly	lesh y cheilley; nyn neesht ry-cheilley; nyn yees
conquering	barriaghtagh; mainshterlagh; mainshtyreilagh
conqueror	fer ny barriaght; mainshterlagh; mainshtreilagh
consanguine	fuilleeagh; jeh'n un chlein; jeh'n un 'uill
consanguinity	folley; fuilleeaght; mooinjerys
conscript	co-screeuagh; egintagh; cur stiagh er egin
consecutive	ass y cheilley; eiyrtyssagh; lhiantagh
conservationist	coadee; coadeyder; freilleyder
conservatory	grianane; thie gless; thie glonney
conserve	coadey; freayll; freayll ayns shugyr
considerate	currymagh; frioosagh; tastagh
considerateness	currymid; friooshaght; thortaght
consign	cur; cur fo currym; I consign them to your care
consolidation	cur ry-cheilley; niartaghey; stooaltys
constipated	kianglt; taartagh; tartagh
constituent	co-; co-ayrn; co-oyr
constriction	keylaghey; lhiettalys; lhiettrimys
constructive	jantyssagh; troggee; yn-cheeayllit
construe	cur bun er; peeshaghey; toiggal
consultant	coyrlagh; coyrlee; coyrleyder
contagiousness	dourinaght; goaillaght; gowaltaght
container	bocs; cummeydane; saagh
contamination	broighey; sollaghar; sollaghey
contents	cummal; These are the principal contents; lanid
contest	arganey noi; caggey noi; gleck noi
contiguous	bentyn; faggys da; sheeyney ry-cheilley
continuity	cochiangley; kinjaght; sheerid
contorted	ass-chummey; cassit; cast
contour	asslin; cummey; ym-linney
contractible	gowaltagh; so-chraplagh; troggalagh
contradictory	contraartagh; meechoardailagh; noi y cheilley
contrast	neuchosoylaght; neuchosoyley; soiaghey noi ry-hoi
contribute	co-hoyrt; cur da; jeeilley
controllable	yn-smaghtey; yn-stiurey; yn-streeaney
controlled	smaghtit; stiurit; streeanit
convene	co-chruinnaghey; eam cooidjagh; symney
convened	co-chruinit; eamit cooidjagh; symnit
conveyance	caghlaa shelloo; screeuyn shelloo; ymmyrkey
convict	carcharagh; deyraneagh; kimmagh
convoy	co-choadey; co-hiaulley; famman coadee
coo	caaghey; cauaigey; cauaig
cooker	coagyreyder; coageyder; sorn kishtin
coolness	feayr-chooishaght; feayrid; fynnyraght
co-ordinate	co-oardaghey; co-oardeeagh; co-ordnaid
co-ordination	co-oardaghey; cur er yn 'un cheim; obbraghey ry-cheilley
cope	copal; copey; streeu rish
copiousness	lhieenaraght; palchid; palchys
copyright	cair aascreeuee; cair-choip; cair-hoilshee
corporation	bolg; cochorp; kiouyl
corpulent	blennickagh; mooar-volgagh; roauyr
correctable	so-chiartaghey; so-lhiasaghey; so-smaghtey
corrective	kerree; kiartee; smaghtee
correctness	cooieid; kiartys; ynrickys
corrector	lhiaseyder; fer kerree; kerreyder
corroborate	co-niartaghey; co-niartey; co-yarrooaghey
corroborated	co-niartit; co-yarrooit; niartit
corroboration	co-niartaghey; co-niartey; co-yarrooaghey
corrosion	craiu; craiughey; farbaghey
corrosive	craiuagh; farbagh; gangreilagh
corrupter	cleayneyder; milleyder; trulleyder
cosmetic	cosmaid; jesheenag; cosmaidagh
cosmic	cosmagh; dowanagh; tuinnagh
cosmical	cosmagh; dowanagh; tuinnagh
costiveness	kiangley bolg; thartid; thartys
costumier	coamreyder; eaddagheyr; thalleyr
couches	lhiaghtyn; and stretch themselves upon their couches&; Bible
counterattack	jannoo noi-hoiagh er; soiagh er ash er; noi-hoiaghey
countermand	aa-oardagh; aa-oardaghey; noi-oardagh
countersink	leacag; leacaghey; leaceyr
couplings	cubbil; to buy hewn stone, and timber for couplings4; Bible
courier	chyrrysagh; roieder; Isle of Mann Courier
coverlet	brat lhiabbagh; curlead; curleid
covetously	dy sayntagh; dy sondagh; myr haynt
cowardice	aggleydaght; cloartys; cowartys
cowardly	aggleydagh; cloartagh; cowartagh
cowherd	bochilley baa; bochilley ollee; guilley ollee
coy	er hene; urree hene; nearildagh
crackpot	bonkan; ommidan; ommidjagh
cracksman	brisheyder tastan; burgleyr; maarliagh
craftiness	cluigid; clugeid; cluigys
cragged	creggagh; cregganagh; skerragh
crake	eean raip; fannag; feeagh
cram	broo; broojey; jingey
cramp	arkfeh; doghan feh; kyrloghid
cramped	as arkfeh er; jingit; kyrloghe
crate	cleeah-vocs; kishtey; cur ayns cleeah vocs
crawler	beishteig; loaganagh; raseyder
craziness	baanrid; blebbinys; keoieid
creamy	barragagh; keyagh; keyoil
creditable	onnoragh; moyllee; ooasle
crepitate	breimmeragh; frappal; frapperaght
crested	kereenagh; keyjeenagh; tappagh
crick	cassey mwaanalagh; feh-chrappey; sthangey
crier	eamagh; keayneyder; fer-eam
crippledness	anlheiltaght; croobaght; martarys
crippling	anheiltagh; baccagh; martaragh
crisp	brishlagh; oor; spongit
crispness	brishlid; oorid; spongaght
critical	contoyrtagh; cremeydagh; criticoil
criticizer	baghteyr; cremeyder; loghteyr
crochet	croaganey; croeshey; jannoo croeshey
crocus	crocys; crocus; The crocuses have been in bloom for some time(
crookedness	camlaagid; camlaagys; cammid
crops	baaryn; scrobbaghyn; troaryn
crosier	croagane aspickagh; lorg aspickagh; tersyn
cross-breed	crosh-heelraghey; crosh-heelrey; fer mestit
cross-question	crosh-cheishtey; crosh-feyshtey; crosh-cheist
crossroad	kiare-raaidyn; crosh; crossag
crowbar	craiu; craue yiarn; groe
crowdie	groo; groudle; sollaghyn
crozier	croagane aspickagh; lorg aspickagh; baccal
crucible	lheie choirrey; pash veayn; saagh lheie
crude	garroo; neu-appee; oor
crudeness	anappeeid; awid; garrooid
cruise	coorsal; jannoo turrys marrey; marrinys
crumb	cur kinneigyn er; jannoo kinneigyn jeh; kinneig
crumbliness	brooillid; kinneigid; mholmid
crumbling	kinneigey; mholmaghey; tuittymagh
crumbly	boghlanagh; kinneigagh; mhollim
crunch	broo; broojey; cranshal
crusher	broojer; jingeyder; lahneyder
crustacean	crustagh; scroigagh; shliggagh
cube	kioob; kioobey; kiap-cherrin
cucumber	cucowr; cucumber; cucower
cudgel	bad; cur bad da; maidjey fendeilee
cue	leeid; That's my cue; maidjey
culprit	kimmagh; kyndagh; olkeyr
cultivation	errooid; jannoo seose; lhiasaghey
curable	couyrallagh; lheihyssagh; so-lheihys
curbed	cribbit; fo smaght; oirrit
curdle	binjaghey; binjeanaghey; grooaghey
curiosity	aitt; cooishagh; fysseragh
curtailed	giarrit; cuttagh; giare
curtsey	curtshee; jannoo curtshee; lhoobey gliooney
cushion	clooishag; clooieshag; soiagan
cusp	birran; cuspey; eairk
custard	aunlyn buigh; custart; oohaghan
cuttlefish	eeast y vraain-olley; peie vreinn; peie-vroghe
cyclic	chymshallagh; fainnagh; kiarklagh
cyclical	chymshallagh; fainnagh; kiarklagh
cylinder	kylinder; Six cylinder car; rollian
dab	builley eddrym; dab; girvan
daffodil	lus ny cam-ching; lus ny n'guiy; lus-ny-guiy
dairy	dayree; shamyr ny bithag; shamyr vainney
dalliance	cumrailys; lhiastid; sooree
dally	feial; cumrail; feiyal
dark-skinned	dhone; doan; doochraitnagh
darn	cleeah; cur cleeah er; darnail
daunt	cur aggle er; cur er creau; agglaghey
daydream	ashlins laa; ashlish laa; dreamal laa
daze	cur er shaghryn; dallaghey; doalgaanee
dearness	ard-leagh; ennoilid; deyrid
deathless	do-varroo; neuvarvaanagh; sheer-
debatable	arganeagh; neuhickyr; yn-arganey
debauch	iuderaght; milley; trullaghey
debug	jee-chrontaghey; jee-loghtaghey; jee-outaghey
decimal	jeihoil; Correct to three decimal places!; jeihoilan
decisive	briwnyssagh; reaghee; reiltagh
decomposition	jeechummey; loaughey; lhoauys
decoy	breigane; breigey; cleaynaghey
defecate	cackey; jannoo keck; keckey
defecation	cackey; jannoo keck; keckey
defect	foill; lheamys; treigeil
deficient	failleilagh; laccal; lhag-inchynagh
deficit	baarney; laccalys; Cover the deficit
definite	kinjagh; kioneagh; shickyr
definitely	dy shickyr; gyn ourys; son shickyrys
definition	baght; geyrid; keeayllaght
deform	aachummey; lheamyssey; mee-chummey
deformation	aachummey; lheamyssey; mee-chummey
defunct	anvio; caillt; marroo
deity	ben jee; jee; jeeaght
delegate	chaghter; ynnydagh; cur magh
deliberate	goaill coyrle; jioinagh; kiarit
deliberation	coyrle; goaill coyrle; mellid
delicacy	bee-naightagh; dendeays; meer vlastal
delve	cassey sheese; cleiy; reuyrey
demolish	lhieggey; rassey; cur mow
demon	drogh spyrryd; jouyl; He's a demon for work
demonstrate	prowal; soilshaghey; taishbyney
denaturalise	goaill seyraneys jeh; jannoo neughooghyssagh; jee-najooraghey
denaturalize	goaill seyraneys jeh; jannoo neughooghyssagh; jee-najooraghey
density	glooaght; cheeid; trimmid
denunciation	insh er; jannoo cassid; obbal
depilatory	lhoamee; meayllee; stoo meayllee
depilous	gyn fynney; gyn renaig; lhoam
depose	brishey; cur ass oik; prowal
depreciate	coontey beggan jeh; injillaghey; jannoo beg jeh
depreciation	injillaghey; jannoo beg jeh; tuittym
depredation	cragh; craght; griu
depress	broo sheese; broojey sheese; ceau sheese
depressed	injil; lhag; lhag-chreeagh
depressive	groamagh; groamey; mergnagh
derangement	baanrys; mee-oardagh; shaghrynys keeaylley
derelict	lhong hreigit; tholtan; treigit
derider	conaasagh; craidoilagh; faghidagh
derisive	conaasagh; connyssagh; craidoilagh
derivative	frauee; tayrn-sthoo; toarey
derive	geddyn ass; goaill ass; goaill voish
descendant	cloan; fuilleeaght; sluight
descrying	peeikearagh; speeikearagh; speeikey
designate	cur sheese er; enmys; enmyssit
desolated	traartit; traartyssit; traartagh
despicable	mooidjeenagh; neu-feeu; boght
despiser	faghidagh; faghider; gannider
despoil	milley; spooilley; roostey
despoliation	milley; spooilley; roosteyrys
despond	cheet dy ve souaignagh; lhag-chreeys; sou-aigney
destitution	genney; gortey; ymmyrch
detached	scarrit; Semi-detached house; scart
detachment	neuhuim; possan; scarrey
detailed	cruinn; myn; Detailed account of the story
detestation	dwoaieys; feohdys; eajeeys
developer	anchoodeyder; fer foshlee; troggeyder
deviation	shaghrynys; treigeil; cleayney
devious	croutagh; rouaillagh; shaghrynagh
devolve	chymnaghey da; cur er; jee-veanaghey
devotee	ben haghee; fer taghee; ooashleyder
diabetes	chingys millish; gorley millish; diabeetys
diagram	diagram; graf; jalloo soilsheragh
diaphragm	scannane; sgairt; skairt
dice	ceau jeesley; slissey; jeeslaghan
dichotomy	ard-scarrey; neuchoardail; rheynn
dictate	jaghtey; reir; sarey
dictation	jaghtey; reirey; sareydys
dictator	ard-reillagh; ard-smaghteyder; jaghteyr
diffident	lhiastey; I was diffident about speaking to him; meehreisteilagh
diffuse	focklagh; scaalheaney; scaalheanit
diffusion	skeaylley; goll er fud; eddyrskeaylley
digit	bun-earroo; lheead meir; mair
dignified	ard-cheimnagh; mooaralagh; ooasle
dignitary	ard-er; ard-ghooinney; ard-ven
digraph	daaghraue; daalettyr; daa-ghraaf
dilapidation	drogh-chummey; tholtanys; tuittymys
dilated	bolgit; lheanit; sheeynt
dilation	bolgey; lheanaghey; sheeyney
dilemma	ancheisht; cront; doilleeid
dilute	cur ushtey ny hrooid; keylaghey; thannaghey
dilution	cur ushtey ny hrooid; keylaghey; thannaghey
ding-dong	anchorrym; claggintys; jing-jang
dingy	dullyr; mee-yesh; sallagh
dinosaur	jeeneysoar; jiolgan atchimagh; dinosaur
dirtier	broiee; broigheyder; s'broiee
disablement	anlheiltys; martarys; neustiuraght
disaccustom	cur ass y chliaghtey; cur ass y raad; neuchliaghtey
disagree	neuchoardail; streeu; tuittym magh
disagreeableness	granganys; groamid; meechoardailys
disappointing	contaartagh; moal; molleydagh
disarm	goaill ny armyn jeh; jee-armal; milljaghey
disarray	cur fud y cheilley; cur meeoardagh er; mee-oardagh
disciplined	custhit; fo biallys; smaghtit
disclaim	cur seose; jiooldey; obbal
disconnect	giarrey; jeh-chiangley; scarrey
disconnected	giarrit; jeh-chianglt; scarrit
discontented	anwooiagh; neuaashagh; neuwooiagh
discontinuous	barnagh; brisht; neulhiantagh
discordant	anveagh; mee-ving; meechoardailagh
discount	argid brishee; dooraght; Price subject to five percent discount/
discredit	anghoo; ceau anghoo er; meechredjal
discriminating	geyre-chooishagh; lhiettrimagh; teiyagh
discrimination	foayr; geyre-chooishaght; reih
disembark	cur er cheer; cur er thalloo; faagail
disembarkation	cur er cheer; goll er cheer; jee-lughtaghey
disembodied	jeh-chorpey; neuchorpoil; seyrit
disengaged	follym; scarrit; seyr
disfigurement	jannoo graney; milley; mitheraght
disgorge	aayiooldey; cur er ash; skeeahrey
disillusion	fosley; fosley sooilley; keeayl chionnit
disingenuous	mee-ynrick; sleetchaght; slydagh
disingenuousness	mee-ynricks; sleetchaght; slydaght
disinter	cleiy neese; jee-oanluckey; troggal ass yn oaye
disjointed	currit ass olt; neuyuntit; shaghrynagh
disloyalty	anleighalaght; meereiltys; mee-reiltys
dismay	contaart; contaartys; cur contaartys er
dismemberment	giarrey veih my cheilley; rheynn; tayrn veih my cheilley
dismissal	brishey; seyrey; He threatened her with dismissal
dismount	cur neose; lhieggal; lhieggey neose
disorderliness	meeoardreilys; neureajid; neureajys
disparage	jannoo beg jeh; leodaghey; tayrn drogh ghoo er
disparagement	jannoo beg jeh; jee-voylley; leodaghey
disparity	meereggyraght; neuchormid; neureggyraght
displacement	arraghey; scughey; toilleeaght
disqualification	bac; jee-aarlaghey; lhiettrimys
disqualify	cur bac er; cur lhiettrimys er; jee-aarlaghey
disreputable	drogh-ennymagh; nearagh; scammyltagh
disrespect	leodaghey; meearrym; mee-ooashley
disrobe	cur jeh; goaill y gooyn jeh; neuchoamrey
dissatisfaction	anwooiys; neuchooilleen; neuhaitnys
dissatisfy	cur anwooiys er; cur neuchooilleen er; jannoo meewooiagh
dissect	giarrey; mynscrutaghey; rheynn veih my cheilley
dissection	corp-yiarrey; mynscrutaghey; rheynn
dissembler	breagerey; fer foalsey; kialgeyr
dissent	jiooldaghey; jiooldey; neuchoardail
dissident	ass-unnaneagh; ass-unnaneyder; jiooldagh
dissimulate	follaghey; keiltyn; lhiggey er
dissimulation	follaghey; keiltyn; lhiggey er
dissipate	jummal; lheie; skeaylley
dissipation	jummal; lheie; skeaylley
dissociate	jee-chumraagey; jee-hymsaghey; scarrey
dissociation	jee-chumraagey; jee-hymsaghey; scarrey
distaff	cheu ny mraane; mooinjer ny mraane; quiggal
distaste	amvlass; meevian; I have a distaste for it
distasteful	meechaitnyssagh; meevianagh; meevlastal
distension	att; sheeyney magh; sheidey
distinctness	baghtallys; cronnalys; leayraght
distort	cammaghey; cammey; cassey
distorted	cammit; cassit; cleaynit
distressing	creoi; seaghnagh; smeihagh
distributor	fer ronney; rheynneyder; ronneyder
disturbance	anshee; anveays; boiraneys
disturbed	anaashagh; anveaghit; baanrit
ditto	cheddin; red cheddin; Ditto to you?
divisible	rheynnoil; so-rheynn; yn-rheynn
divorce	screeuyn-scarree; jannoo scarrey poosee; scarrey
divulgation	bloberaght; insh; kiaullanaghey
divulge	bloberaght; insh; kiaullanaghey
do	giense; yannoo; jannoo
docked	cuttagh; ec y cheiy; 'sy loghan
documentation	docamadys; niartaghey myr feanish; screeu myr feanish
dodge	cluge; clysht gys yn cheu; clyshtey
dodger	carmeish; chea ny hobbyr; cheader obbyr
dogged	kione-daaney; reen; shassooagh
doggedness	kione-daanys; reenid; shassooaght
dole	cooney; jee-chosnee; To be on the dole
dominie	mainshtyr scoill; shirveishag Africaanagh; shirveishag Albinagh
donee	ben geddyn gioot; fer geddyn gioot; giootalagh
doorman	dorryser; fer dorrysh; guilley dorrysh
dope	bun; Give me the dope then; dope
dormouse	cadlag geuree; doallag; lugh vagheragh
dose	cur jough lheeys da; dourin; jough lheeys
dot	breckey lesh ponkyn; cur ponk er; ponkey
dotty	breck; breckit; harrish ny sleityn
double-dealer	kialgeyr; lhoobeyr; meekeyr
doughnut	cro teayst; fainey teayst; teastag
dovetail	feeackle; jeddylt; lhie ry-cheilley
dowdy	slobbagh; trouisagh; trouise
dowel	dowal; stang; dowaley
downed	currit neose; currit sheese; lhieggit
downgrade	graadaghey-sheese; ginjillaghey; injillaghey
downmost	s'injley; s'inshley; sodjey sheese
downstairs	heese-greeishyn; neose ny greeishyn; To come downstairs
drab	dree; neughaahagh; streel
draft	cur ayns jiormey; cur jiormey er bun; draghtey
draining	jeeiganeagh; jeeigey; sornaigey
drastic	barb; feer feayslee; feer-phurgaidagh
draughtsman	babban tawlish; draghteyr; fer tawlish beg
dredge	dredjal; duinaghey; sleaydey
dredged	dredjit; duinit; sleaydit
dredger	baatey duinee; duineyder; sleaydeyder
drench	cur purgaid da; fliughey; purgaid
dressmaker	ben eaddeyder; eaddeyder; gooneyder
dribble	jibraght; sheeleen; jibrey
driftwood	fuygh marrey; mooirchoorey; mooirchooraghyn
drilled	drillit; tarrarit; towlit
droll	aitt; gamshogagh; gamshoge
drooped	croym; my-laaee; shymlit
dropper	drigeyder; pipaid; quaillag hoshee
drover	eiyreyder; griaghter; guilley n'ollee
drudge	dreih; tooilleil; drollane
drudgery	doccarys; dreihys; tooilleil
dryness	chirmid; chyrmid; shiastid
dubiousness	neuhickyrys; Dublin; Ir. Baile
duct	duct; feddan; pioban
dud	dyn ymmyd; foalsey; gyn y vie
duellist	caggeyder; co-chaggeyder; co-laneyder
dullness	drommid; dullyraght; mellid
dummy	breagag; bullad kyagh; corp foalsey
dump	carnane; tasht; dumpal
dunce	bollag hiu; donnan; kione-teayst
dunging	broighey; geoyllaghey; keckey
dung-pit	grape; grepp; gribbey
dunnock	boght keeir; buntee gorrym; jallyn cleigh
dupe	bleb; fer-vollit; marranagh
duplicate	dooblagh; dooblaghey; doobyl
duplicity	croutys; far-ghellal; kialg
dusky	dhoan-wuigh; dorraghey; dullyr
dwarf	crivassan; cruitin; dooinneen
dyke	boalley; cleigh marrey; kione
dynamite	bleaystey lesh poodyr; sheidey lesh poodyr; dynamite
dysentery	buinnagh mooar; chingys mooar y yiarrey; giarrey folley
earlobe	bab; blebbin cleayshey; flibbag
earmark	cowrey cleayshey; cowrey er lheh; cur cowrey cleayshey er
earthed	kianglt rish y thalloo; ooirit; thallooinit
easiness	aashaght; aashid; buiggys
easygoing	coar; soccaragh; soccoil
easy-going	coar; soccaragh; soccoil
ebony	billey eabban; eabban; ebony
eclipse	cur fo bodjal; cur fo doorey; dhooag
edgeless	gyn chemmal; gyn oirr; neufoyragh
edgeways	er beeal; er foyr; er oirr
eiderdown	clooie laagh Loghlynnagh; curleid; curlead-chlooie
ejaculation	raa gyn smooinaght; sheayney; soutey
ejection	cur ass shellooderys; cur magh; tilgey magh
electro-plate	argidey; lectro-plaital; plait argidit
elegy	bardoon; maroon; bardoonys
elementary	bun-oyragh; It is elementary; bun-stoo
elevating	troggalagh; troggee; yrjee
elevation	ard-cheim; caslys; ooaslid
elf	crivassan; ferrish; imshee
elicit	feddyn magh; tayrn magh; To elicit a reply from
elide	baighey; baih; boggaghey
eliminate	cur jerrey er; jiooldey; scryssey jeh
elision	baighey; baih; boggaghey
lite	sleih mullee; teiht; reiht
elude	cosney roish; scapail; shaghney
embarrass	boirey er; cur nearey er; cur fud y cheilley
embolden	cur creeaght ayn; cur daanys er; jannoo daaney
embroidery	grease; obbyr-ghrease; obbyr-snaidey
emetic	jough hilgee; skeeahoil; skeeahraghan
eminence	ard-cheim; ard-ennym; mullagh
emollient	meaoil; meeinagh; meeineyder
emotional	ennaghtagh; toghtagh; We must rid ourselves of all emotional attachments9
emporium	ard-vargey; margey; yl-happ
enchant	cur drualtys er; cur eunys er; cur fo oalys
enchanting	druiaghtagh; eunyssagh; oalyssagh
encircle	combaasal; combaasey; cruinnaghey mygeayrt
enclose	boallaghey; cruinnaghey; cur stiagh
enclosure	croa; injeig; jattan
encumber	cumrail; cur errey er; jannoo lheibeidjagh
endearment	ennoilid; Term of endearment; ennoilys
endorse	cordail rish; cordail; dreeym-screeu
endurance	beayn-hassooaght; beayntys; fuillaghtyn
endways	er e chione; er e lhiurid; hassoo
enfeebled	annooinit; We will kill him when he becomes enfeebled; moal
enfold	clamey; Enfold someone; filley seose
enforce	cur ayns bree; curmal; curmey
engineering	jeshaghteyrys; jeshaghtys; Hydraulic engineering
enigmatic	do-hoiggal; dorraghey; doo-ocklagh
enrol	claaraghey; cur er rolley; listal
ensuing	geiyrt er; lurg; yei
entail	cairys eiraght; cur cairys eiraght er; tayrn lesh
entanglement	camlaagys; pohlley; ribbey
enterprising	entreilagh; treealysagh; ventyragh
entitle	cur cairys da; cur ennym er; enmys
enumerate	enmys; enmyssey; genmyssey
envelope	coodagh; Envelope stuck all over with stamps; poagey screeuyn
equestrian	aghlagh; aghragh; markiagh
eradicate	astyral; astyrt; cur jerrey er
erupt	brishey magh; brooaney; bruightey
escort	gardey; He was sent there under escort$; lhong choadee
escutcheon	claare enmey; scape lught-thie; scutchyn
espousal	cheuaghey lesh; naishtey; poosey
espouse	cheuaghey lesh; nastey; poosey
estuary	beeal awiney; cass awiney; inver
evacuate	cur magh; goaill magh; treigeil
evacuation	cur magh; folmaghey; goaill magh
evangelize	cur lesh gys credjue; jannoo sushtallagh; skeaylley yn credjue
evenly	dy corrym; Evenly distributed; dy rea
exaggerate	cloie fodjeeaght; Don't let us exaggerate!; mooadaghey
exceptionally	erskyn towse; feer; harrish yn cadjinys
exchangeable	coonragh; so-caghlaa; so-choonrey
excitement	greesaghey; He was in a fever of excitement; musthaa
excrement	cugh; eoylley; keck
execrable	ard-vollaghtagh; feohdagh; graney
exhalation	bree; druightys; lhiggey magh ennal
exhale	cur smoghan jeh; gaalaghey; lhiggey magh ennal
exhaustion	jeeigeyrys; To be in a state of exhaustion; soo
exhibit	cowraghey; soilshaghey; taishbyney
exorbitant	roud; ro gheyr; Were we exorbitant?
expansiveness	feaynid; feaynys; focklaght
expectancy	doghys; jerkallys; Life expectancy
expectant	jerkallagh; torragh; trome
expense	costallys; Expense no object; costys
expire	cheet gys jerrey; lhiggey magh ennal; mooghey
explanatory	meenee; soilshee; soilsheragh
exposition	meenaghey; soilshaghey magh; taishbynys
exposure	anchoodaghey; feayght; oaie
expressionless	follym; gyn dreagh; gyn vree
expressive	blaystal; dreaghagh; lane dy vree
expropriation	goaill er egin; goaill jeh; goaill voish
extemporise	cloie; gyn aarlaghey; loayr
extensiveness	lheanid; mooarid; rheamyssid
exterior	cheumooie; On the exterior; heu-astan
extinction	anvioys; baase; mooghey
extra	brash; frea; harrish y chadjinys
extract	asstayrn; jannoo soo jeh; sheeley
extraction	jeh sluight; soo; tayrn magh
extravagance	ceautaght; jummalys; jummallys
extravagant	baarailagh; breagagh; ceautagh
eyehole	croa; croae; lhagg ny sooilley
fabricate	cooiney; cummey; jannoo
factor	faghteyr; The highest common factor; maor
fag	gobbraghey er; jannoo guilleydys; guilley drid
faintheartedness	faasid chree; lhag-chreeys; lhaggid-chree
faintly	beggan; beggan beg; dy faase
faithlessness	mee-ynricks; meechredjue; neuynrickys
fallacious	foalsey; kialgagh; molteyragh
fameless	anghooagh; jeh beggan foaynoo; neu-ennymagh
famished	neeu; and their honourable men are famished0; gholl neeu
fanciful	fillosheragh; sheiltynagh; teaymagh
fang	birrag; croag; fraue
fanny	coirrey; cuinnag; pihtt
fantasy	fansee; sheiltynys; smooinaghtyn-viandagh
farrier	crouder; gaaue cabbil; lhee cabbil
fascia	eddin; eddin-chlaare; faishey
fascicle	clue; faskule; thammag
fastness	carrick; doon; dy beaynid
fat-fleshed	blennickagh; slane beiyht; callin vie
fathomable	so-feaysley; so-hoiggal; so-huntal
fattening	beeghey; beiyaghey; roauyragh
fault-find	feddyn foill ayn; foiljaghey; kennoughey
fault-finder	cremeyder; foiljeyder; kennougheyder
fault-finding	cremey; feddyn foutyn; kennoughey
faultiness	foiljid; loghtid; mellid
faulty	foiljagh; now shall they be found faulty$; Bible
fawn	brynneraght; jannoo seose rish; minjeig
feathery	clooiagh; clooieagh; fedjagagh
feint	eddrym; lhiggey; lhiggey er
fellmonger	shehder; craitneyder; delleyder-sheh
fence	faal; scaa; kionneyder griu
fencing	cliwederaght; cur faal mysh; cur scaa er
ferocity	eulys; ferg; gallverg
ferret	ferrad; ferret; kayt ny giark
ferryman	fer assaig; shiaulteyr; ymmyrtagh
fertilize	jannoo torragh; lhiasaghey; torraghey
feud	feoh; noidys; costreeu
fidget	foostyr; foostyrey; nhedderagh
fieldfare	dreeym gorrym; ushag y sniaghtee; ushag y traghtee
fieriness	aileaght; chennoilid; chiass ny greiney
fighter	caggeyder; co-streeuder; etlan caggee
filament	faast; fillamad; snaiean
filibuster	craghey; jannoo cragh; jannoo lhiettalys
fine-drawn	gloo; keyl-chooishagh; taynrit
fireguard	arreyder aile; gardey aile; scaa aile
firewood	brasnag; bwonyn; conney
fishery	aahley; eeasteyraght; grunt eeastee
fishmonger	cadjer eeast; creckeyder eeast; dellar eeast
fishpond	dubbyr eeast; lhingey eeast; loghan eeast
fitful	teaymagh; corragh; Fitful sleep
fizz	kesh; keshal; kialg
flagellate	scutchal; scuitchal; scuitchey
flagpole	croan; croan cullee; lorg brattagh
flagstones	leacyn; lhiackyn; lic
flaky	floagagh; lhiannagagh; scaaillagh
flannel	fledjyn; lidjag; kialter
flap	bennalt; bwoalley; flap
flare	boayl sollys; lossag; lossey
flashy	bashtallagh; falleayssagh; ornaidagh
flatness	dreeys; folmid; glennid
flawless	gyn loght; gyn scaaney; slane jeant
fleabite	beggan beg; greim jargan; mingey jargan
fleeced	fant; loamragh; loamrit
fleeces	loamraghyn; if he were not warmed with the fleece of my sheep7; Bible
flick	cassey; cur scuitch beg da; snig
flicker	chentyn; craa; falleaysagh
florid	blaaoil; jiarg; ruissagh
flounce	cassey; snug; snuggal
flounder	liebage Albinagh; liehbage Albinagh; strepey
floweriness	blaaoilid; blaatarys; ornaidys
flowery	blaa vreck; blaaoil; my vlaa
flue	beeal; feddan jaagh; towl jaagh
fluff	clooie; critlagh; cur yn critlagh seose
fluid	flaaoil; neuveayn; seyr
fluidity	flaaoilid; neuveaynid; sheeltaght
fluke	liebage; liehbage; pooghane
fluted	cuishlinagh; feer vog; maireenagh
flutter	bennalt; craa; gial beg
foggy	bodjallagh; chiu; fo-chay
foment	cur glabbag er; greesaghey; seiy
fomentation	glabbag; greesaghey; seiy
foolhardiness	neuchreenaght; ardghaanys; dunnallys-veecheeayllagh
foolhardy	baanrey; blebbinagh; neuchreeney
footpad	roosteyr; thoree; roosteyr-choshey
footstep	keim choshey; kesmad; kesmad coshey
forage	cur foddyr da; ronsaghey; scryssey
foray	cragh; craght; jannoo cragh
fore	cor; toshee; The fore feet
foreleg	cass hoshee; laue; lurgey toshee
foresight	fys rolaue; grine; kiarail rolaue
formality	cliaghtey; formoilid; neulhoobid
formless	gyn chummey; neuchummeydagh; anchaslyssagh
forsaker	cheader; faageyder; treigeilagh
forte	dy lajer; lajer; schlei
forthcoming	foshlit; jeeragh; ry-heet
fortnightly	gagh kegeesh; keayrt 'sy chegeesh; kegeeshoil
foulness	awanid; breinnid; broghid
foxtail	arbyl shynnee; faiyr shynnee; famman shynnee
foxy	glick; kioot; ruy
fraction	ayrn; ayrnag; corrillagh
fracture	brishey; scaaney; scoltey
fragility	brishlid; feiosid; treihys
frames	clowanyn; frameyn; Emission at twenty-five frames per second0
frankness	foshlid; jeerid; neucheiltynys
freckle	breck greiney; breck 'sy ghrian; breck 'sy nane
freehold	seyr-ghowaltys; seyr-ghowaltyssagh; seyr-helloo
freelance	dooinney neuchianglt; neuchianglt; neuchiangltagh
freight	goaill lught er boayrd; lughtaghey; lughtey
frenzied	er ouyl; er rouyl; keoie
frenzy	baanrid; builley; keogh
freshness	noaght; noaid; oorid
friar	braar; Mendicant friar; freer
friendliness	caarjoil; caarjysaght; curtheet
frieze	breid; chemmal; freesh
frisk	daunseyn; lheimyragh; lhiemmey
frisky	bioyr; mannanagh; reagh
fritter	freeghtag; jummal; To fritter all his money away
frog	frog; frug; lheimaghan
frolicsome	gammanagh; reagh; gennal
frontage	colb; eddin; oaie
frosted	far-riojit; fo vrat shugyr; riojit
fructiferous	gymmyrkey mess; messoil; yeeillagh
frugality	gortaght; kiarailys; spaarailys
fruiterer	delleyder mess; messeyder; creckeyder mess
fulled	giallit; tuckit; walkit
fully-manned	fo lane deiney; fo lane skimmee; fo lane sleih
fulmar	foillan Albinagh; pibbin vane; fulmyr
fulminate	baggyrt; taarnaghey; fulminate
fumble	jannoo brock jeh; loayrt dy moandagh; murtaghey
furlong	staid; meeilley; yiry
furriness	clooieaght; fynneydys; geayshteenid
furry	fynneydagh; geayshteenagh; clooiagh
fuss	anvea; musthaa; babbaney
fuzz	cheet magh my clooie; kerey magh; clooie
gaff	clep; croagane; slat y shiaull ard
galactic	bainnagh; bluight; galactagh
gale	gaal; Fresh gale; gaaley
gallop	garrey; lhigey; ratchal
gamp	fascadagh; fascaidagh; scaaliaghee
gangrene	gangrail; loauaghey; loauys
gaol	cur ayns carchyr; cur ayns pryssoon; pryssoonaghey
gaoler	geuleyder; pryssooneyder; jeler
garage	cur stiagh 'sy gharreish; garreish; gareish
garner	stoyral; thie tashtee; and will gather the wheat into his garner4
garrulous	cabberagh; focklagh; glib
gash	beam; lhott; loggyr
gaunt	shang; shirgit; thanney
gauntlet	doolane; Throw down the gauntlet; lauean liauyr
gelatine	gleiyan; gloagh; poodyr
generator	ayr; gienneyder; moir
geniality	follanid; gennallys; lossanaght
gerfalcon	shawk Eeslannagh; shawk Greenlannagh; urley bane
germ	bunniag; foghan; giennag
ghastliness	eajeeys; grouwid; scaanid
ghastly	eajee; grouw; scaanagh
gibing	connyssagh; connysson; craidoil
giddy	cur thollaneys er; thollaneagh; He walks on the brink of a precipice without feeling giddy8
gigantic	buillvollee; feer vooar; foawragh
gilled	asnagh; duillagagh; grooaneagh
girlish	caillinagh; inneenagh; lhiannooagh
glacial	fanntagh; glonnoil; rioee
glaringness	ard-sollyssid; dallid; leayrid
glassy	glonnoil; glessagh; Glassy stare
glaze	cur gloas er; cur glonney ayn; gloasey
glazed	fo glonney; gloasit; glonnit
gleam	falleaysagh; skell; skelley
glee	gennallys; gien; gleeghyn
glisten	glistral; glistree; lonraghey
gloominess	burgeeaght; groaish; groamaght
glow	bree; jiargaghey; jirgid
glowing	jiarg; lonragh; smarageagh
glut	plooghey; plooghey margee; saieid
glutted	lane dy vee; lum-lane; plooghit
go	doll; goll; gow
godfather	ayr bashtee; gedjey; goshtiu
godparent	ayr bashtee; gedjey; mimmey
gong	bwoalley clag raauee; bwoalley gong; gong
good-for-nothing	gyn y vie; kecksee; rag-rannee
good-humoured	doaieagh; gennal; gyn myskid
good-natured	dooie; mial; mialagh
gorge	bollagh; braaid; clash
gorging	sluggagh; sluggee; sluggey
grafter	cooyl-chliaghtey; noadagher; obbree jeean
grained	grineagh; grineenagh; snaieagh
granary	skibbalt; soalt; thie arroo
grapple	clep; greim; strepey
grating	cleeah; jeesternagh; jeesternee
gratuity	dooraght; nastey; toyrtys scarree
gravestone	clagh oaie; It will be written on his gravestone(; leac oaie
gravitation	ym-hayrn; tayrnys; stoo
greyish	breck-lheeah; glass-lheeah; lieh-lheeah
greyness	glassid; lheeaghid; lheeaghys
grid	cleeah; Sheep grid; grylley
grim	groaishagh; groamagh; grouw
grime	broid; scoig; scoodyn
grimness	groamid; groashid; grouwid
grisly	eajee; feodoil; graaney
groom	aarlaghey; kerey; fer ny gabbil
groomed	aarlit; jesh; kerit
grossness	chiuid; cheeid; garrooid
grounding	bun-oayllys; gruntey; lhiettrimys er y thalloo
groundwork	bunneydys; cooylrey; obbyr undinagh
grower	aaseyder; correyder; fer-vishee
growl	buirroogh; buirrooghey; gurr
grumbler	accanagh; talleyder; trughanagh
grunter	groaishagh; muc; soghaller
grunting	credal; creddagh; groaisheraght
gudgeon	gudjyn; kione tramman; stang
gulch	coan; couan; ldenst
gully	altan; gullad; jeeig
gurgling	glugagh; glugal; glugeragh
gushing	blaaderagh; bruightagh; skiootagh
gusset	bhuttag; condeil; gussad
gutted	folmit; glennit; scoltit
gutter	cur guttyr ayn; cur jeeg ayn; glenneyder
guttural	scoarnoil; scoarnee; goo gharroo
guy	cur tead er; jalloo; tead
habitual	cliaghtagh; lhiantyn; oashagh
hackney	cabbyl faillee; eagh faillee; gleashtan faillee
hairless	gyn folt; gyn fynney; gyn gruag
hairline	darrag; keyl; linney cheyl
half-witted	meecheeayllagh; moal-hushtagh; giare-cheeayllagh
halve	co-rheynnit; liehaghey; rheynn ayns jees
halved	co-rheynnit; Halved hole; rheynnit
handicap	bac; lhiettrimys; cur lhiettrimys er
handsomeness	aalid; braewid; breaghid
handyman	dooinney yeshlaueagh; fer lauee; laue-cheirdagh
hanker	goaill foddeeaght ny yei; mianey; dy miandagh
harassed	clowanit; throng; tranlaasit
harbourage	fastee; keiltynys; lhiabbee akerys
hard-and-fast	soit dy chionn; so-lhoobey; reen
hard-boiled	creoi; creoi-vroiet; reen
hardy	chionn; creoi; reen
harmful	jeeyllagh; lane assee; lane skielley
harmlessness	meenieunaght; neuskielleydys; onid
harmonic	co-heean; co-heeanagh; bingyssagh
harmonize	cheet ry-cheilley; cur rere y cheilley; freggyrt ry-cheilley
harrowing	cleiee; feer hrimsagh; feer voiragh
harshness	barbaght; garrooid; raghtanaght
harvester	beaynee; buinneyder; labree fouyir
hash	brock; He made a hash of it; mynvroo
hatefulness	dwoaieid; feohdoilid; feohdoilys
hater	feohder; feohdeyr; troodeyr
haulage	costys ymmyrkee; tayrn; thowal
haunch	curp; kerroo foalley; lheshey
haunter	fer taaghee; lhiannan; taagheyder
haunting	do-yarrood; lhiantynagh; taaghey
hawser	caabyl; tead staillin; tead yiarn
headache	chingys king; I have a headache; kione-ching
headcold	feayraght ching; mughane king; peeaghanid
heartiness	creeoilys; creeoilaght; creeoilid
heartless	creoi; creoi-chreeagh; gyn cree
hectoring	kiaullaneagh; kionyssagh; postyragh
hedgehog	arkan sonney; graynoge; He curled up like a hedgehog
heedful	frioosagh; geyre-hastagh; tastagh
helicopter	bennaltagh; coptyr; etlan cassee
helter-skelter	er mooin y cheilley; lane shilleyree; toor-skyrraghtyn
henpecked	fo ordaag; fo smagh y ven; pittane
hereto	dys shoh; er shoh; gys shoh
heritable	dooghyssagh; 'sy dooghys; yn-eiraghtagh
hesitation	leaystey; Without the slightest hesitation; thittys
hibernate	cadley yn geurey; ceau yn geurey; geuraghey
hidebound	chionn-chraitnagh; coon-enneeynagh; coon-inchyn
hider	follagher; folleyder; keilleyder
hierarchy	ard-chlere; keimoilaght; reiltys ny hagglish
highborn	ard-cheimnagh; ooasle; ooashley
high-minded	mooar-aggindagh; ard-aggindagh; ard-aignagh
high-powered	mooar-chummaghtagh; lajer; pooaral
highwayman	fochleader; rueg; thoree
hillside	dreeym; lhargagh; slieau
hilt	cass; doarnane; hilt
historic	imraagh; shendeeagh; skeealeydagh
hitter	builtagh; bwoalleyder; bwoalteyr
hive	goll ayns shelleig; kishaney; kishan shellan
hoarding	boalley claare; boayrd fogree; chymsagh
hoarseness	feoght; peeaghane; peeaghaneid
hobble	cur langeid er; shooyl croobagh; doilleeid
hobbyhorse	cabbyl maidjey; eagh-veg; sheltee ellanagh
hock	feeyn gial Germaanagh; craue yskid; speir
hoist	croghey; troggal; yrjaghey
holdfast	cloughey; glackey; greimaghan
hollowness	foalsaght; folmid; laggid
homework	arnane; obbyr hie; obbyr hiollee
homicide	dunverys; fuillaghtagh; marrooder
homograph	fockle co-screeut; co-screeuagh; homograaf
homonym	co-ennym; fockle co-rait; homonym
homosexual	homocheintagh; homocheintysagh; aeragh
hone	clagh hleeuee; clagh 'oyr; foyraghey
honeydew	druight molley; mill-chay; tombaacey millish
honk	feiyr; feiyral; sheidey
hoot	plou; screeagh; screeaghey
hopefulness	gialdynys; jerkallaght; treishteilaght
horizontal	co-ard; co-chruinnagh; feayn
hospitable	failtagh; feoiltagh; fial
hothead	eulyssagh; fer mollee; fergagh
hourly	er yn oor; ooragh; ooroil
hub	cree; The hub of the universe; imleig
huddle	cruinnaghey; moll; Huddle of houses
huffy	curneeinagh; smorigagh; smullagh
humane	dooinnidagh; mial; mialagh
humaneness	dooieid; dooinnidaght; mialaght
humped	croobit; crottag; dronnagh
hurricane	gaal-baarnee; gaardey; geay vooar
husbandry	obbyr hallooin; for he loved husbandry+; Bible
hush	cheet dy ve tost; cheet dy ve tostagh; kiuney
hydraulics	oayllys ushtey; sheanse ushtey; ushtey-obbraghys
hygiene	glennid; slaynt-oayllys; slayntaghys
hysterics	breinnaghtys; gorley-breinney; She went into hysterics
icicle	bwoid rioee; kibbin rioee; rioghar
ICT	FChCh; haghnoaylleeaght Fysseree as; hellinsh
idiomatical	abbyrtagh; corghlaragh; rere yn chengey
idiotic	moal-hushtagh; ommidjagh; thootagh
idler	lhiasteyr; litcher; queeyl chochianglee
idling	flusternee; litcheragh; neuharroogh
ignoble	anooasle; meeooasle; neuooasle
ignominious	nearagh; neareydagh; scammyltagh
ilk	clein; Of that ilk; keint
ill-advised	donney; That advice was ill-advised; neuchreeney
ill-favoured	graney; meefoayragh; ayns drogh challin
illiberal	gortagh; neufeoiltagh; neughiastyllagh
illiberality	gortid; neufeoiltys; neughiastyllid
illicit	anleighalagh; camlaagagh; neuslattysagh
illiteracy	drogh-ynsagh; neulettyraght; neuynsagh
ill-mannered	garroo; mee-ellynagh; neuchooyrtoil
ill-natured	beeataigagh; drogh-aighagh; granganagh
ill-timed	meehraaoil; neuemshiragh; neuemshyragh
illuminant	soilshagh; soilshean; soilshey
illusion	ashlish; conrieught; Optical illusion
illusive	breagagh; kialgagh; molleydagh
illustration	caslys; sollyssid; tayrneyraght
illustrious	ard-ghooagh; erreartagh; erroortagh
illustriousness	ard-ghoo; erroortys; ooashlid
imaginable	gientynagh; sheiltynagh; smooinaghtagh
imbecile	anlheiltagh; jei-hushtagh; meecheeayllagh
imbecility	anlheil; anlheiltys; annooinid aigney
imitation	arrish; caslys; maclioar
immature	aeg; anappee; neuappee
immaturity	aegid; anappeeid; anappeeys
immigrant	arreydagh sthie; Juan Haink Noal; sthie-arragh
immodesty	awaneys; awanid; meenearey
immoral	drogh-veasagh; drogh-veaysagh; maarderagh
immorality	drogh-veasaght; drogh-veaysaght; drogh-ymmyrkey
immovable	anchorragh; neughleashagh; neuscughee
impale	boallaghey; cur paayl er; roighey
impartial	cairagh; corrym; neuchleaynit
impartiality	corrymid; corymid; neuchleaynys
impatience	meehurransaght; meehurranse; siyrid
impeccable	gyn cron; gyn loght; neuloghtagh
impecuniosity	anverchaght; jeirkaght; neuargidaght
impecunious	anverchagh; gyn ping; jeirkagh
impedance	castid; castys; lhiettalys
imperceptible	do-chronnaghey; dooaragh; neuchronnal
imperfection	asslaanid; faaseyannoo; foill
imperiousness	ard-aigney; ard-vooaralys; chiarnoilid
impertinence	brunt; meearrym; perkinys
imperturbability	do-chorreeaght; feayr-aignys; feayr-chooish
imperturbable	do-chorree; feayr-aignagh; feayr-chooishagh
impetuous	brash; raghtal; siyragh
impinge	bwoailley; bwoalley noi; goll stiagh er
implacable	myskidagh; neuveeinagh; elgyssee
implant	cuirr; cuirr 'sy thalloo; soiaghey
implication	bree; cur ass lheh; keeayllaghey
imply	cowraghey; cur keeayl er; filley stiagh
impolite	mee-chooyrtoil; neuellynagh; neuveasagh
impoliteness	mee-chooyrtoilid; neuellynaght; neuveasaght
importation	cur lesh stiagh 'syn Ellan; kionnaghey stiagh; red currit stiagh
importunate	croaganagh; sheer-yeearreydagh; shirreydagh
importune	clowaney; sheer-yeearree; yeearree
impossibility	neuyantaght; neuyantys; neuyargaght
impost	baare-choorsey; errey; keesh
imposture	craueeaght-foalsey; kialgeyrys; molteyrys
impotence	lhag-stayd; lhaggid bree; neuvree
impracticability	neuchooilleentagh; neuchooilleentaght; ro-ghoilleeid
impracticable	do-yeant; neuchooilleentagh; ro-ghoillee
imprecation	mynney; mollaght,; gweeaghyn
impregnable	fondagh; neughowallagh; shickyr
impress	broo neose; cur neose er; ynnyd cowrey
imprisonment	carchyr; dooney; pryssoonaght
improbable	neuchosoylagh; neuhickyr; neulickly
improbity	aggairys; meechairys; neuynrickys
improperness	aggairys; anchooieid; meechiartys
impropriety	anoyr; meechiartys; neughoaieys
improvidence	jummalys; jummallys; lag-chairail
improvident	jummalys; jummallys; meechairailagh
imprudence	neuchreenaght; neufeeudid; neufeeudys
imprudent	anchreeney; neuchreeney; neughoaieagh
impudence	baaish; eddin; meenearey
in	ayns; To buy a pig in a poke; kione
inability	annoonid; faasid; neuablid
inaccessible	neuroshtynagh; neuvashtynagh; neuventynagh
inaccuracy	meechruinnys; neuchiartys; neuchruinnys
inactive	gyn lheihll; lhiastagh; lhiastey
inadequate	neuchorrym; neufeeu; laccalagh
inadvertence	neuhastid; neuhwoaie; neurioose
inarticulate	fastagh; moandid; neuoltagh
inattention	antort; meehastey; meehastid
incantation	druiaght; obbeeys; pishag
incapability	neuablid; neuchorrymid; neufondid
incapable	neuchummeydagh; They are somewhat incapable; neufondagh
incapacious	neuchummalagh; coon; chion
incendiarism	foaddey; lostey joinagh; lostey oolee
incendiarist	foaddeyder; lostagh; losteyder
incidence	mennickaght; tuittym; Angle of incidence
incinerate	doo-lostey; jannoo leoie jeh; lostey
incise	cur giarrey ayn; giarrey; grainnaghey
incisive	foyragh; foyral; geyre
incite	brasnaghey; greesaghey; greinnaghey
incitement	brasnaghey; greesaght; greinnaght
inciter	brasneyder; greeseyder; greinneyder
incomplete	neuaarloo; neuchreaghnit; neuslane
incongruity	meereggyraght; neuchooieid; neuyeshid
incongruous	meehraaoil; meereggyragh; neuchooie
inconsiderate	gyn thort; neufrioosagh; neusmooinaghtagh
inconvenient	doccaragh; meechaaoil; neuchooie
incorrectness	anchiartys; neureajaght; neuyeshid
incorrigible	neuchastey; neucherree; neulhiassee
incredulous	anchredjallagh; anchredjuagh; meechredjallagh
indefinable	do-ennymagh; do-heoragh; doillee cur ennym er
indefinite	neuchagliee; neuchinjagh; neuhickyr
indelible	neuastyrtagh; neunaardagh; neuvooghee
indent	aggaghey; cur boayl ayn; oardaghey
indented	aggagh; boaylagh; branlaigagh
indenture	cur fo prindeisaght; jannoo prindeis jeh; screeuyn prindeisagh
indignant	eulyssagh; fargagh; fergagh
indispensable	slane ymmyrchagh; femoil; ymmyrchagh
indisposed	aslane; aslaynt; Are you indisposed?
indivisibility	anscartaght; do-rheynnaght; neurheynnaght
indivisible	anscartagh; neughiarragh; neurheynneydagh
indolence	drollaneys; lhiastid; lhiggey shaghey
indolent	lhiastagh; lhiastey; soailchagh
induction	entreilys; indughtaghey; leeideil stiagh
indulge	cur eiyrt da; lhiggey lesh; soailchaghey
indulgence	babbaney; lhaggey; lhiggey lesh
inebriety	anheeltys; meshtallys; meshtey
ineffability	neufocklaght; neuloayrtaght; neuloayrtagh
ineffable	erskyn insh; neufocklagh; neughooagh
ineffective	gyn vree; lhag; neufondagh
ineffectiveness	neufondaght; neufondid; neuobbraght
inequality	anchiartys; anchorrymid; meechorrymys
inert	neughleashagh; neulheiltagh; taaue
inertia	litcherys; neughleashaght; taaueid
inescapable	doshaghaghtagh; nagh vel goll ass; neuchosneydagh
inexcusable	neuleshtallagh; neulheihagh; neuvaihagh
inexhaustible	neufolmagh; neuhraieagh; neuleodagh
inexorable	neuaghinagh; neuhroccairagh; neuveeinagh
inexperience	anchliaghtey; anoayllys; neuchliaghtys
infallibility	neufaillailys; neushaghrynys; neuvarranaght
infantile	lambaanagh; lhiannooagh; oikanagh
infect	doghaney; dourinaghey; foutaghey
infectious	foutagh; goaillagh; gorlagh
infer	cheet er; infearaghey; tayrn veih
infidel	anchredjaltagh; anchredjuagh; anchreestee
infidelity	anchredjuaght; jee-chredjue; mee-yeelysaght
infinity	anchaglys; beaynid; beayntys
inflammable	aileagh; loshtagh; lossanagh
inflate	att; bolgey; chionnaghey
inflated	chionn; chionnit; sheidit seose
inflation	ardjaghey; bolgey; bolgey-argid
inflect	aachassey; cammaghey; lhoobey
inflexibility	do-lhoobaght; neulhoobid; reenid
inflexion	anchassey; lhoobey; yn-filley
inflexional	aachasseydagh; lhoobagh; yn-filleydagh
influential	cummaghtagh; pooaragh; pooaral
infrequency	anchliaghtey; anoayll; anvenkid
infrequent	anchliaghtagh; anoayllagh; anvennick
infuriated	feer chorree; lane corree; lane fargagh
ingeniousness	aghtallys; fiallid; jeerid
ingrowing	goll 'syn 'eill; 'sy 'eill; yn-aase
inhibited	castit; lhiettalit; lhiettit
inhospitable	anoltagh; neuaaghtagh; neuchuirree
inhospitality	neufeoiltys; neughiastyllys; neughoaldeeaght
inimical	meefoayragh; neuchaarjoil; noidagh
iniquitous	anchiart; loghtagh; meechairagh
initiate	cur leagh er; doltey; lhiggey stiagh
injudicious	meehushtagh; neuchreeney; neuvriwnyssagh
injuriousness	aggairaght; gortaght; skiellaght
inland	antraie; antraieagh; cheerey
inlet	branlaig; folsey; giau
innate	coruggyragh; dooghyssagh; dooie
innateness	coruggyraght; dooghyssaght; dooieys
innkeeper	ben oast; fer oast; oasteyder
inoffensiveness	neufoiljid; neuloghtynid; neuskielleydys
input	cur stiagh; glackey; troggal
inquiring	briaghtagh; shirreydagh; shirreyder
inquisitive	cooishagh; fysseragh; scrialtagh
inquisitiveness	fysseraght; peeikearys; scrialtaght
inscribe	grainnaghey; grainney; screeu
insecurity	anshickyrys; contoyrtys; neuhickyrys
insensibility	kyrloghid; neuennaghtyn; neuloaghtys
inseparable	anscarree; neuscarreydagh; neuscartagh
inset	cur intlys ayn; cur stiagh duillag; ingan
insidious	kialgagh; molteyragh; shliawin
insidiousness	kialg; molteyrys; shliawinid
insincere	neufeer; neufirrinagh; neuslane
insincerity	meeynrickys; neufeerid; neufirrinid
insipidity	eighid; neuvlayst; neuvlaystallys
insolvent	brisht; neufondagh; neuhoogh
insomnia	dooishtaght; dooishtys; neuchadlaght
instability	corrid; neuhassooaght; teaymid
installation	cur ayns oik; cur stiagh; soiaghey
insularity	ellanaght; ellanys; innysaght
insulate	chiassyeenaghey; inslaghey; jannoo ellan
insulation	chiassjeenaght; insalaght; scarrey
insulator	inseleyr; insileyr; chiassyeeneyder
insurgent	irree magh; irreyder magh; kione-eairkagh
integrate	co-hymey; mestey stiagh; slaanaghey
integration	chooraght; co-hymey; mestey stiagh
intellect	inchyn; inchynaght; keeal
intense	chiu; jeean; mooar
intenseness	chiuid; jeeanid; mooarid
intensive	jeean; Intensive care unit; trean
intercede	jannoo accan er son; jannoo stiagh; sheealtaghey
interchange	co-chaghlaa; co-cheaghley; eddyr-cheaghley
interdiction	crossey; neulhiggal; tarmestey
interim	eddyr daa lhing; eddyr-hraa; shallidagh
interlace	chionnaghey crossagh er; fee; mestey rish
interminable	beayn; gyn jerrey; sheer-
intermittent	anchinjagh; nish as reesht; voish traa dy hraa
interred	fo'n 'oaid; oanluckit; 'sy thie coon
interrogate	cur feyshtyn er; feyshtey tessen; keishtey
interrogation	feyshtaghey; feyshtey tessen; keishtey
interrogative	cummey feshtagh; feyshtagh; keishtagh
interstices	baarnaghyn; scaanaghyn; scoltaghyn
intimidation	agglaghys; aggleydys; scoaghys
intolerable	neufuillaghtaght; neuhurrallagh; neuhurransagh
intolerance	neufuillaghtaght; neuhurrallaght; neuhurransaght
intractable	do-smaghtey; gyn smaght; neulhoobagh
intricacy	camlaagys; crampid; crontys
introduce	cur enney da; Permit me to introduce my daughter&; cur lesh stiagh
intruder	brisheyder stiagh; fer brishee stiagh; imlagh
inundated	baiht; plooghit; thooillit
inundations	baihaghyn; plooghaghyn; thooillaghyn
inure	cliaghtaghey rish; cliaghtey rish; kinjaghey
inutility	neufoaynnoo; neufoays; neuvondeish
invalid	annoonagh; asslayntagh; gyn vree
invariability	kinjaght; neuchaghlaaid; shassooaght
invariable	kinjagh; neuchaghlaaee; shassooagh
inveigle	breigey; cleaynaghey; cleayney
invested	baih argid; baiht; currymit
inveterate	oayllagh; shenn; shenn-chliaghtit
invigorate	breeaghey; cur bree ayn; niartaghey
involute	fillit; rowlit stiagh; ynvloidagh
involution	castaght; yn-filley; ynvloid
irate	fergagh; jymmoosagh; corree
irksomeness	deinid; deinys; doccarys
irradiate	gahaghey; goulraghey; soilshaghey
irradiation	gahaghey; goulraghey; soilshaghey
irrecoverable	ass roshtyn; caillt dy slane; do-gheddyn
irregular	meereiltagh; neuchinjagh; shallidagh
irregularity	meereiltys; neuchinjaght; neureaid
irremediable	gyn couyr; gyn lheeys; gyn saase
irrepressible	neuchastagh; neusmaghtagh; raghtoil
irreproachable	gyn cron; neuchyndagh; neuoltooanagh
farbys	He is exceedingly angry; Gold is yellow; vel
islet	ellaneen; innis; insheen
isolation	cur liorish hene; fadanid; lhehlys
issuing	cheet magh; goll magh; roie magh
item	meer; myrgeddyn; nhee
itinerant	fer troailt; rouaillagh; rouailtagh
jabber	cabbaraght; chengleyragh; chengleyrys
jade	beeataig; stridlag; clagh ghlass
jaded	ceaut; moandagh; tooillit
jagged	aggagh; feeacklagh; garroo
jail	carchyr; pryssoon; doon
japonica	billey shapaanagh; quinsey shapaanagh; thammag shapaanagh
jarring	brasnee; crieagh; jeesternee
jazz	snagchiaull; snaggey; Jazz a tune
jejune	boght; follym; neuvessoil
jejuneness	goanid; gortaght; neuvessoilid
jellyfish	skeeah ny muc varrey; skeeah rauney; slouree
osa	Yeesey; Bible; Jesus
jet	clagh ghoo; gob; scuit
jettison	ceau harrish boayrd; ceau magh; ceau 'sy aarkey
jib	geag; obbal; shiaull-hoshee
jilt	flid; inneen-ghaidee; stritlag
jingle	clink; clinkal; clinkeragh
jingling	clinkal; clinkeragh; gligginaght
jog	craa; sonk; sonkal
joinery	joyneyderys; juntaghys; seyirsnys thie
jointing	juntaghey; juntal; juntey
joke	spotch; I did it for a joke; spotchal
jollity	gennallys; gienn; sonnys
jostle	puhttey; rucksal; uillinaghey
jostling	puhttagh; uillinagh; puhttey
jowl	cab; puiss; lieckan
judicious	keeayllagh; resoonagh; toiggalagh
judiciousness	creenaght; keeayllaght; resoonaght
juggle	jannoo cleasaght; jannoo cluickys lesh; jugglaghey
juggler	doalgaanagh; laue-chleasee; laue-chluickeyder
jumble	cur fud y cheilley; mestey; mollid
jumbled	currit fud y cheilley; mestit; orchit
junket	binjean; lhejag; pinjean
justifiable	cairagh; lowallagh; lowaltagh
juvenile	aeglagh; eean; aeg
keepership	freilleydys; meoirsnaght; oasteirys
kerchief	bayrn bussallagh; breid; bussal
kerosene	kerosene; ooil londeyragh; parrafyn
keystone	ard-chlagh; clagh chianglee; ogher
kind-heartedness	coarid cree; dooieys cree; feoiltys cree
kindliness	coaraght; coarid; kenjallys
kingcup	bluightagh; bluight; bullaght
kisser	paageyder; paageyr; puiss
kist	coir; coyr; koir
knave	cleader; mitchoor; steet
knavery	cleaderys; cleaysaght; croutys
knavish	cleaderagh; cleaysagh; steetagh
kneed	glioonagh; glioonit; glioont
knightly	crightnagh; reejeragh; reejeroil
knitted	nittit; snaidit; sniemmit
knoll	cronkan; nab; nabban
knotted	crontit; sniemmit; sniemmagh
know-how	cheird; oayllys; schlei
lacerated	raipit; scelpit; speilt
laceration	raipey; scelpey; speiltey
lag	cumrail; shenn-phryssoonagh; soailley
lamenter	dobbranagh; dobberanagh; keayneyder
laminate	jannoo duillag jeh; lhiannaghey; lhiannagh
lance	giarrey; sleeaney; lance
landscape	cheer yalloo; reayrt cheerey; jannoo reayrt cheerey
languid	feayr-chooishagh; lambaneagh; lhiastagh
languidness	feayr-chooish; lambaneid; lhiastid
languor	annoonid; lag-vree; laggid
languorous	annooin; lag-vreeagh; lhiastey
lanky	keyl; shang; thanney
lapse	cooyl-skyrraghtyn; skirraghtyn; tuittym
larboard	cheu chiare; cheu hoshtal; cheu lheirrym
larceny	gaddeeaght; gaddeeys; geid
laryngitis	gorley aahjioogh; lostey goolag; lostey scoarnee
lashed	scelpit; scuitchit; slashit
lasher	fer ny gipp; rimmeigeyder; yeealleyder
lassitude	lhiastid; meillid; skeeys
lateral	cheual; cheualagh; lhiattagh
lather	barrag; kesh; kesh heeabin
lathery	barragagh; keshagh; keshalagh
latish	gour yn anmys; lieh anmagh; lieh yeinagh
latitude	dowan-lheead; In the latitude of Peking; seyrsnys
launcher	ceauder; fer cur er bun; lhunneyder
laurel	billey bwee; billey laurys; laurys
lavatory	premmee; thie beg; thie premmee
lavishing	ceau dy skeayltagh; jummalys; jummallys
lawfulness	leighoilid; leighoilys; lowallys
laxative	feayslagh; purgaidagh; stoo feayslee
layed	berht; bert; laiyt
laziness	aacheoid Vanninagh; drollaneys; lhiastid
leach	laistey; leetchey; sheeley
leaden	jeh daah ny leoaie; leoaie; marroo-hooillagh
leafless	gyn duillag; lhome; neughuillagagh
leakage	faarney; lhiggey magh; lhiggey stiagh
leakiness	drogh-yeenid; faarnaght; neuyeenid
leash	cur er yeeal; streir; yeeal
leavings	brooillagh; fooilliaght; Shameful leavings are worse than scandalous eating7
lecher	gimman; maarder; maarderagh
lecherous	cannooagh; er boggeeys; raistylagh
lecherousness	cannooaght; raistylaght; reaghid
lechery	bockeeys; boggeeys; cannid
leech	fer lhee; guillag; jiollag
leer	slydagh; slydaghey; slydaght
leeward	cheu yn astee; fasteeagh; lesh y gheay
left-handed	kyttagh; toshtalaght; kiuttaght
legislate	aghtaghey; cur leigh; jannoo slattys
legitimate	leighoil; lowal; lowallagh
leisured	as corsoie ec; haaue; daaue
lemon	limon; limonagh; lemon
lethargic	gyn vree; lhiastagh; lhiastey
lettered	as lettyryn er; lettyroil; lioaragh
liberalism	feoiltys; fialys; giastyllid
liberator	feaysleyder; fer livreyee; livreyder
libertine	maarder; maarderagh; raistyl
licensing	coyrt kied da thieyn-oast; coyrt kiedyn; kied
lifelong	beayn; I am your lifelong friend; seihill
light-fingered	corragagh; laue-eddrym; myngyragh
light-headed	kione-earkanagh; kione-eddrym; cridlagh
likelihood	cosoylaght; licklaght; licklid
lilt	carr; irree; jannoo carr er
lilting	jannoo carr; kiaullee; Lilting voice
limp	baccid; croobid; lheim
limpet	baarnagh; barnagh; bayrnagh
linchpin	caag; kibbin; yiarn essyl
lined	craplit; rimmeigagh; roagagh
linger	feiyal; To linger over breakfast; tannaghtyn foddey
lingerer	feiyeyder; lhiggey my hraa; tanneyder
lingering	feiyagh; foddey-hannaghtyn; smaghanagh
linsey-woolsey	eglhinolley; linsee-woolsee; linsey-woolsey
liquefy	lheie; thannaghey; theinniu
liquidate	glen feeaghyn; skeaylley colught; marroo
listener	clashtynagh; eaishteyder; lught eaishtagh
litigious	accanagh; currit da'n leigh; leighagh
litigiousness	leighaghtaght; leighderys; streeuaght
littleness	begganid; beggid; looid
liturgy	liturgey; shirveish ny hagglish; shirveish ny killagh
lobby	cur shilley er; far-hamyr; shamyr ghorrys
locality	ynnyd; ynnydys; boayl
locking	cur baatey trooid lock; goll ayns greim; kiangley
locomotive	gleashagh; jeshaght; traen
logbook	lioar chooishyn; lioar hurrys; lioar lhuingey
loiterer	cumrailagh; streel; streeleyder
loitering	cumrail; sleetchal; streelagh
lone	neuheshaghtagh; lomarcan; Lone woman
long-eared	cleaysh liauyr; eairkagh; liauyr-chleayshagh
longish	lesh y liurid; lesh yn 'oddid; red beg liauyr
longship	birling; Godred Crovan's Longship; lhong liauyr
longstanding	ayn rish foddey; beayn; shenn
long-tailed	arbylagh; fammanagh; peegagh
loophole	sooill barney; sooillag; towl lauee
loot	cragh; craght; griu
looter	cragheyder; griuder; spooilleyder
lopped	baarit; giarrit; neuvanglanagh
loquaciousness	chengleyraght; focklaght; perkinaght
lorry	carr laadee; carr-ladee; lorree
lottery	cronghyr; tayrn-aigh; cron tayrn
lovemaking	comyssey; jannoo graih; sooree
low-pitched	dowin; injil; sheeynt
lubricate	cur ooill er; jannoo shliawin; smarrey
luckiness	aigharaght; aighoilid; fortanaght
luff	cheu ny geayee; cur gys y gheay; luffal
lull	kiunaghey; kiuney; tostid
lumber	boanlagh; cur myr errey er; fuygh lhieggit
luminosity	lossanaght; soilsheanaght; sollyssid
lunacy	ard-ommidjys; chingys ny heayst; doghan ny heayst
lunatic	doghanagh ny heayst; eayst-ghoghanagh; keoie
lunge	eiystyr; seiy; thummey
lungwort	lus ny scowanyn; lus ny skiart; lus y chleeu
lustfulness	cannooid; foalliaght; sayntoilaght
macadam	macadam; macadam-terr; tar macadam
maceration	boggaghey; molkaghey; shangaghey
machinist	jeshaghteyr; obbree jeshaght; obbreyder jeshaght
madam	ben ooasle; benainshteyr; shenn-ghaddee
madman	buill vollaght; fer ass e cheeayll; fer baanrit
magisterial	ikagh; kione-ardagh; mainshtyroil
magnanimity	annymaght; mooaraigney; mooaraignys
magnetism	magnaidys; tayrn thallooin; tayrnaghys
maintainable	so-hassoo; so-pholldey; so-veaghee
make-believe	ashlish; lhiggey; lhiggey er hene
makeshift	leshtal son; lieh; scaa 'sy ghoarlish
malevolence	drogh-chree; goanlys; myskid
maliciousness	cammanaght; cammaraght; venee
malignant	drogh-aighagh; goanlyssagh; kahngyragh
malleability	keirdoilid; so-ghleashaght; so-lhoobaght
malleable	caardoil; keirdoil; so-chummeydagh
malpractice	drogh-lheeys; drogh-oash; drogh-yannoo
manacle	cur ayns geulaghyn; geulaghey; geuley
mangled	jeeillit; lhiannit; lhuddyrit
mangling	lhiannaghey; lhuddyraghey; lhuddyral
maniac	baanrit; keoie; fer baanrit
manicure	ingynys; jeshaghey ny laueyn; laue-chiarail
manliness	feraght; feraghtys; feroilaght
manly	dooinnoil; feragh; feroil
mannerliness	ellyn; beaysaght; ellynagh
manoeuvre	arraghey; arraghys; fillosher
manor	chiarnys; mannor; thie mooar
mansions	ynnydyn-vaghee; In my Father's house are many mansions-; Bible
manslaughter	dunverys neuvyskidagh; far-ghunverys; mort
manual	laue-lioar; lioar-lauee; laueagh
manufacture	jannoo; jantys; jeantys
manured	eoyllit; lhiasit; toarrit
manurer	eoylleyder; lhiaseyder; toarreyder
map	caslys cheerey; Have you finished your map?/; kaart cheerey
marbles	jallooyn marmyr; marmyreen; To play marbles
margin	corrillagh bishee; oirr; The margin of the page
maroon	faagail; treigeil; maroon
marshal	cur ayns oardagh; cur cooidjagh; marshyl
masquerade	daunse far-eddin; mummeraght; jannoo breageydys myr
massacre	craghey; traartyssey; craght
masturbate	builley y crackan; bwoalley y crackan; jannoo laue chooilleeney
masturbation	bwoalley chymmylt; caarjys ny laue; laue-chooilleeney
materialism	oyraghys; seihlltaght; seihlltid
materiality	corpoilid; corpoilys; corporaght
materialize	cheet gys kione; cur corporaght da; goaill corp
matron	ben voiroil; matroon; moir
maturity	appeeid; appeeys; creenid
maudlin	lieh er-meshtey; lieh-scooyrit; malaineagh
maul	lhuddyraghey; lhuddyral; tratnane
mauling	lhuddyral; lhuddyrey; tratney
maw-worm	mairtlhian; martlhan; martlhian
maxim	firrinys; firrynys cadjin; raa keeayllagh
maximum	cheim smoo; cheim syrjey; chooid smoo
maze	cartage; shaghrynys; cur fud y cheilley
mead	jough volley; milljag; lheeannee
meagre	goan; gortagh; lhome
meander	cass; lhoob; ammyr-chassee
measles	ghruight; German measles; volgagh vuc
measly	bolgagh; druightagh; peajeogagh
mechanism	coghleashaght; obbraghys; obbrinaght
meddlesome	bentynagh; peeikearagh; perkinagh
meddlesomeness	bentynaght; peeikearys; perkinaght
mediatory	leshtallagh; sheealtagh; sheealtaght
medicament	lheeys; lheihys; sthoo lheeys
medicinal	lheeysagh; lheihysagh; medshinagh
mediocrity	castrid; cossyllid; lieh myr lieh
meerschaum	kesh varrey; meershym; piob veershym
meg	biggin; eayn thie; meig
melons	melonyn; the cucumbers, and the melons, and the leeks*; Bible
membrane	craitnys; farchrackan; scoh
membranous	craitnagh; farchrackanagh; strebbinagh
menace	aggyrtys; baggyrtys; baggyrt er
mended	couyrit; karrit; You must get it mended
mendicant	arkyssagh; jeirkagh; fer shooyl ny dhieyn
menses	coorse mraane; meeoilaght; soallaght
menstrual	coorsagh; meeoil; soalley
menstruate	ayns blaaghyn; blaaghyn er; meeoilid er
menstruation	chingys ny mraane; gorley meeoil; meeoilid
mercantile	dellaragh; marchantagh; sayntagh
mercenary	sayntagh; sondagh; sondeyr
merchantmen	onneryn lhuingey; marchanyn; Then there passed by Midianites merchantmen.
metallize	cur meain er; meainaghey; vulcaanaghey
metamorphosis	caghlaa cummey; ceaghley cummey; croo-cheaghley
methinks	er jeem; er lhiam; sheillym
metre	drane; jeih-medyr; meadar
mew	foillan bane; meeulaghey; pyshage
microcosm	dowanag; mynchruinney; mynseihll
micturate	jannoo moon; mooin; mooiney
middling	castreycair; She is only middling; cossyllagh
midwinter	ard gheurey; doolagh ny bleeaney; meanagh y gheuree
milfoil	airh hallooin; ayr lossey; lus cosney folley
milkmaid	ben ny baa; ben vlieauney; caillin y vainney
mime	arrish; goaill jeh; jannoo arrish er
mindfulness	aggindys; currym; currymaght
miniature	beg; myn-; smiggylagh
minimum	cooid sloo; keim s'inshley; keim sloo
ministerial	agglishagh; aireydagh; shirveishagh
minstrelsy	claasaght; cruitcheraght; kiaull
minx	buiddage; bwoidage; byddage
mirthless	neu-yennal; neureagh; sou-aignagh
misbehaviour	drogh-aghtys; drogh immeeaght; drogh-ymmyrkey
miscarriage	anappeeaght; failleilys briwnys; ymmyrkey roish y traa
miscarried	failleillagh; neuymmyrkit; tilgit
miscellany	broish; mestey; seiyjid
misconduct	drogh aghtalys; drogh-reir; drogh-ymmyrkey
misdirection	drogh-reirey; drogh-stiurey; enmys aggairagh
miserableness	neugherjagh; neuvaynrys; treihid
misfire	jannoo skellym; lockey; skellym
misfortunate	anraahagh; anraahoil; arkyssagh
misleading	drogh-leeideil; drogh-leeideilagh; meestiuragh
mismanagement	drogh-harrooghys; drogh-reir; drogh-reirey
mistime	anhraaghaghey; jannoo ec traa aggairagh; meehowse
mistiness	druightys; froughid; kayaraght
misunderstand	far-hoiggal; goaill dy marranagh; goaill marran
mitigation	leodaghey; leshtal; lhaggaghey
mixer	mesteyder; seiyder; seiyeyder
moan	accan; cauaig; eie
moaning	cauaighey; gaccan; goocannys
mob	chionney stiagh er; co-chruinnaghey; mob beg
modernism	jeianaght; jeianys; noa-emshiraght
modernity	noa-emshiraght; noa-emshyraght; noaght
molar	bleihder; bleihderagh; feeackle cheu chooylloo
molestation	boirey; cur stiagh er; deiney
momentary	minnidagh; thootchagh; tullaghoil
momentous	frioosagh; imraagh; scanshoil
momentousness	frioosaght; imraaght; scansh
mongrel	aalagh-vestit; mestit; moddey ass dooghys
monitor	ard-ynseydagh; fer raauee; raaueyder
monitoring	cummal sooill er; goaill baght coorsagh; freayll rick er
monkhood	maynaght; maynaghys; monnaght
monumental	cooinaghtyn; feer vooar; leacoil
moodiness	groamid; teaymaght; teaymid
moorhen	eean ny loghan; kiark 'reoaie; kiark ushtey
mop	jiolane; jioleyder; jiole seose
morality	beasaght; beasid; moraltaght
moribund	gyn leihll; lhiastagh; lieh-vio
morpheme	breneen-grammeydys; morfaim; morfeme
motor-sport	spoyrt-carbyd; spoyrt-motor; spoyrt motoragh
moulded	er lheeah; oorit; roit
mouldiness	lheeahid; lheeahys; taaght
mountaineer	jannoo slieaudeyraght; jannoo slieaudeyrys; dooinney slieau
mouthing	coraaghey; gee ny meill; jannoo lane beeal jeh
muck	brockey; sollaghey; eoylley
muckiness	sollaght; trustyr; trustyraght
mucky	slobbagh; trustyragh; broigh
mucous	carbeigagh; shelloil; slummagh
mucus	carbeig; slumm; smug
muddle	broagey; brock; She made a muddle of it
muff	milley; mithan; muffey
muffle	coodaghey dy mie; follaghey; follaghtyn
mug	bonkan; He looks a bit of a mug; ommidan
mugger	muggyr; slaueyder; thoree
mugging	slauey; thoreeaght; thoreeys
multiplication	bishaghey; filltaghey; mooadaghey
munificent	feoilt; feoiltagh; giootallagh
murmurer	talleyder; thassaneagh; trughaneagh
mustiness	keoyeeaght; lheeaghys; lheeahree
mutation	arraghey; ceaghley; Initial mutation
mute	amloayrtagh; fer balloo; tost
mutter	loayrt trooid feeacklyn; tallaghey; tassane
mysterious	folliaghtagh; doillee-hoiggal; dorraghey
namby-pamby	babbanit; thootagh; thoot
nameless	gyn ennym; neuenmysit; neuennymagh
narrative	naightagh; skeeallagh; skeeal
nasal	stroaney; stroanney; The nasal cavity
nastiness	breinnid; broid; granid
naturalness	dooieid; macainys; najooraght
naught	dyn ymmyd; gyn veg; neunhee
nausea	chingys gailley; feohdys; jiooldaght
navelwort	bee ferrish; lus y daa phing; wooishlagh
navigable	yn-shiaulley; yn-stiurey; lhuingyssagh
navigator	lhuingysser; maraidagh; stiureyder
nearness	faggysaght; niessid; peajeogys
neatness	creoiys; jeshid; lhomid
negation	jannoo gyn vree; jiooldey; obbal
negroid	doo; gollrish fer doo; gorrym
nerve	asney; feh; nearag
nerveless	jee-nearagh; neufehagh; taaueagh
nervous	er craa; faitchagh; fehagagh
nesting	guirragh; She is nesting; jannoo edd
nestle	clooeys; clusaghey; clussaghey
nestling	clusaghey; clussaghey; eean idd
netted	'sy lieen; 'syn ingagh; tayrit
neuter	naeear; neaghtyr; neaghtyragh
neutral	naeear; neaghtyragh; neuchommeeagh
neutrality	naeeraght; neaghtyraght; neuchommeeaght
nibble	shuilg; shuilgaghey; shuilgey
nicked	aggagh; giarrit; goit
nightingale	beeal bing; kiaulleyder oie; lhon bane
nightshift	garrey oie; lheiney ven; shayll oie
nimbleness	lheihltys; looraght; bioyrid
nipping	goaill minniag; mingey; spulgey
nipple	keeagh; kione ny kee; mamm
nipplewort	bossan Vreeshey; duillag vie; duillag Vreeshyn
nippy	bioyr; fanntagh; mingagh
nonentity	anvioys; fer gyn scansh; neunhee
non-intervention	neueddyrghoaill; neuharmestey; neupharteeaght
non-payment	faagail gyn eeck; neueeck; neuyeeilley
non-performance	faagail gyn jannoo; neuchloie; neuyannoo
nonsensical	meecheeayllagh; ommidjagh; sou-cheeayllagh
non-unionist	neu-unnaneysagh; neucheirdchummynagh; poblaghteyr
noodle	noodyl; bollag; ommidan
noose	cribbag; cur cribbag er; sniemmey
northing	goll gour y twoaie; goll lesh y twoaie; twoaie-linney
nosey	fysseragh; peeikearagh; scrialtagh
nostril	stroan; stroin; towl stroaney
notch	agg; aggad; croa
notification	fogrey; fys; raaue
notion	conrieught; smooinaght; teaym
notional	sheiltynagh; smooinaghtagh; teaymagh
novice	lieh-oayllagh; noanee; novishagh
nude	lhome; rooisht; roosteen
nudge	brod; cur uillin da; uillin
nullify	cur er neunhee; cur gys veg; neunhaghey
nullity	neughooinney; neunheeaghey; neuvree
numbing	jannoo magganeagh; kyrloghee; magganeagh
nutcase	fer y veggan cheeaylley; lhag-hushtagh; ommidan
oafishness	awaneaght; thootid; thootys
obduracy	creoighid; creoighys; kione-lajerys
obeseness	keishid; reurid; roauyrid
objectionable	graney; meehaitnyssagh; plaiyntagh
objective	cassagh; dean; er cheu mooie
obligated	fo lhiastynys; fo-chiangley; fo-churrym
obligatory	boandagh; eginagh; eignagh
obliging	coar; keainal; kenjal
oblique	cleaynt; lieh-scoadey; stramlagh
obliqueness	cammid; scoidey; stramlaght
obscurity	doorey; dorraghys; ooignys
observant	baghtagh; tastagh; currit da cooilleeiney
obsolescent	goll ass cliaghtey; goll ass oash; goll ass ymmyd
obstinacy	kione-lajerid; kione-lajerys; roon
obviousness	baghtallys; cronnalid; cronnalys
occult	druaightagh; follaghey; kyaghtey
occultism	druaiaghtys; obbeeys; roonid
OECD	RCTL; Reagheydys ry hoi Co-obbraghey Tarmaynys as Lhiasaghey; Reagheydys ry-hoi Co-obbraghey as Lhiasaghey Tarmaynagh
oestrum	agheree; bockeeys; boggeeys
strauenyn	Will they have a glass of wine?; jeh; voish
offensive	breinn; comyssagh; loghtanagh
offertory	oural; ourallaght; ourallagh
offhand	gyn aarlaghey; neu-ullee; neuchooishagh
officiousness	perkinaght; perkinys; gullanys
offset	ashchlou; buinnag; jalloo-phrental
oftenest	by venkey; smenkey; smennickey
oilstone	clagh ooill; clagh shleeuee; cur foyr er
oldish	eashagh; eashit; red beg shenn
omen	faih; monney; Evil omen
ominous	baggyrtagh; drogh-aaishnagh; drogh-vonneydagh
omission	jarroodys; meerioose; shlee
omniscience	ooilley-fysseraght; ooilley-toiggaltys; ooilley-toiggalys
omniscient	ooilley-creenagh; ooilley-fysseragh; ooilley-toiggalagh
one-sided	lieh-cheuagh; lieh-chioneagh; meechiart
onset	cheet toshiaght; soiagh-er; toshiaght
ooze	bolgys; sheeley; sheeley magh
oozy	boglagh; lappagh; slappagh
openhearted	seyr-chreeagh; ynrick; creeoil
opera	cloie-kiaullee; kiaulldramey; Comic opera
operational	aarloo; obbraidagh; ullee
operator	caillin chellvane; guilley chellvane; obbraidee
opium	cadleen; fraue cadlee; fraue cadleen
opportuneness	caaoilid; emshiroilaght; traaoilid
optic	reayrtoil; shilleydagh; sooillag
optimism	gioal-aignaght; jerkallys; lane-yerkallys
optimist	jerkallagh; jerkeyder; lane-yerkallagh
optimistic	jerkallagh; lane-yerkallagh; sullyraignagh
oratory	agglish; keeill; oraaidaght
orchards	orchardyn; I made me gardens and orchards(; Bible
organ-grinder	cloieder organe; organeyder; organeyr straiddey
organism	bioag; organe; organane
orthodox	cair-chredjuagh; follan; kiart
orthopaedy	lhiannoo-lheeys; orthopeedee; ushylagh-oaylleeaght
ossuary	shamyr chraueyn; thie craue; thie craueyn
outcry	gerrym; shillaa; yllagh as eam
outgoing	faagail; goll ass oik; goll magh
outhouse	boalane; bwaane; thie mooie
outlet	beeal; cass; kessagh
outrageous	drogh-ghellal; ro-ghaaney; meereiltagh
outright	ass yn eddin; er ard; jeeragh
outstanding	ard-yindyssagh; gyn eeck; mooie
ovary	sheelane oohrey; oohrey; sheelane
overbalance	coayl y cormid; lhieggey; tuittym
overburden	cur rour er; eaghtyr; ooir
overdo	broie; fuinn; jannoo rour jeh
overdone	broieit; fuinnit; jeant rour
overdue	anmagh; harrish yn traa; moal
overhead	'sy speyr; erskyn; heose
overload	laadey rour; rolaad; rolaadey
overloading	laadey rour; lughtaghey rour; rolaadey
overrun	craghey; lhieent; lome lane
overstress	faregin; fareignaghey; lhie ro vooar er
overweight	riurid; ro-hrome; roauyr
paces	kesmadyn; when they that bare the ark of the Lord had gone six pacesA; adsyn va gymmyrkey arg y Chiarn, er n
pacifier	kiuneyder; meeineyder; sheealtagh
pacing	keimragh; kesmadey; mynneragh
packhorse	cabbyl cleaney; cabbyl laadee; cabbyl paggey
pad	bayr; doarn; kiap
padlock	cur glass essynagh er; glass croghee; glass essynagh
painfulness	gaeraght; gewaght; gonnys
painstaker	currymagh; frioosagh; trioragh
painter	daahder; peinteyr; slaader
pairing	lannoonaghey; piyral; piyrey
pale-faced	glass neealagh; glass vane; treih
palings	radlin; radling; sonnagh
pall	brat; coodagh carbyd; marre vaaish
palmistry	faaishnys laue; laue-ghruaiaght; laue-ghrualtys
palpitation	brebaney cree; builley mysh y chree; pandoogh
pang	eie; guin; Pang of hunger - Guin accrys.
panic	cur sevreain er; sevreainey; sevreain
pap	didee; keeagh; sheeiney
papacy	paabaght; papanaght; papanys
par	corrym; corrymid; olt
parachute	parashuit; scaa tuittym; parashuital
parade	cur er paraid; paraidal; taishbyney
paragon	ard-hampleyr; reih-ghooinney; sampleyr
paragraph	meer chabdillagh; rheynn cabdillagh; paragraaf
paramount	ard-chummaghtagh; ard-niartal; ard-scanshoil
parapet	obbyr ught; ughtvoalley; cassan-choshee
parchment	crackan screeuee; pabyr craitnagh; crackan
parental	ayrey as mayrey; ayroil; sluightoil
parget	garroo-phlaastrail; garroo-phlaastyr; plaastrail boalley
paring	kinneig; kynneen; scryss
parotid	faggys da'n chleaysh; paroteed; parotoidagh
parricide	ayrvarroo; dunver ayrey; dunverys ayrey
parsimonious	freayllagh; frioosagh; gortagh
parsimony	cribbidjys; peajeogys; pitteogys
parsonage	thie agglish; thie yn taggyrt; thie yn phesson
particularity	mynchooishaght; unnaneaght; ynricanys
passer-by	sleih er yn raad; sleih goll shaghey; troailtagh
passive	fuillaghtagh; surransagh; taaue
passiveness	beasid; fuillaghtaght; surransaght
pastureland	thalloo fassee; thalloo glass; troddan
pasty	glass; neealloo; pastee
patcher	clampeyder; clooideyder; preabanee
patchiness	brigginid; clampeydys; neuchormid
patchy	clooidit; neuchorrym; peeshagh
patent	foshlit; paiteen; paiteenagh
patron	ard-charrey; custameyr; jeih-aignagh
patronize	jannoo guilley jeh; jannoo patroonys; kionnaghey ayn
paunch	bolg mooar; gailley; gailley mooar
pave	pavail; peamadey; pemmal
peacemaker	sheeader; sheealtagh; sheeder
peaked	beinntagh; eairkagh; skeairagh
peaks	binn; beinnyn; Cloud topped peaks
pear	peear; Give me an apple and a pear; peeyr
pebble	breckey er lhiare; breckey lhiare; clagh scailley
pedal	cassagh; coshal; obbraghey ny coshallyn
pedigree	caardys; caardyssagh; fuilleeagh
pedlary	cadjerys; myn-chooid; mynghellal
peeled	fannit; scryssit; speeinit
peeping	keekagh; keekal; keekey
peerage	chiarnyn; chiarnys; ooashlid
peevishness	gonnid; granganaght; granganid
pellet	cramman; grine; milleen
pelt	ceau er; crackan; sheh
pending	derrey; fieaunagh; ry-heet
penetrating	dowin; geyre; towallagh
penetration	baght; geyrid inchyn; tastid
peninsula	kione cheerey; lieh-ellan; lieh-innys
pension	argid-pohlldal; argid bea; toyrtys vleeaney
perceivable	baghtagh; fakinagh; leayr
perennial	car ny bleeaney; sheer-; yl-vleinoil
perfidiousness	foalsaght; foalsid; kialg
perforation	doral; thiolley; towl
performer	cloieder; jantagh; jeantagh
perfunctory	neuarreydagh; neuchooishagh; tappee
periodic	cheayrtyn; earishagh; keayrtagh
periods	blaaghyn urree; coorsyn; peeriodyn
perishable	cherraghtagh; fioghagh; shymlagh
perishableness	cherraghtaght; fioghaght; shymlaght
periwinkle	blaa ny feoghaig; feoghaig; fughage
permissive	kieddagh; lhiggee; neusmaghtagh
permissiveness	lhiggalys; lowallys; neusmaght
perpetually	sheer-; I am perpetually hearing this - Ta mee sheer chlashtyn shoh.; dy kinjagh
persecutor	geyre-eeiyrtagh; sheer-voireyder; tranlaasagh
persistency	kinjid; kione-lajerid; kione-lajerys
pertness	assagys; brynnaghys; brynnid
perusal	aalhaih; lhaihderys; mynscrutaghey
peruse	aalhaih; lhaih dy currymagh; mynscrutaghey
pestilential	breinn; crampagh; paittagh
petrify	agglaghey yn annym ass; claghaghey; jannoo clagh jeh
phase	keim; paase; caghlaa ny heayst
philanthropist	graihder sheelnaue; mialagh; miallagh
phosphorescence	lossan; lossan mea; luddan mea
pictorial	bio; caslyssagh; jallooagh
piecemeal	ayns peeshyn; beggan er veggan; dy peeshyn
pierhead	kione keay; kione y cheay; kione y cheiy
piggish	mucagh; mucoil; sallagh
pigtail	famman muickey; famman mwashag; tombaacey cast
pike	beinn; gaddys; shleiy
pillage	cragh; craghey; craght
pillory	cur er y stang; stangey; stang
pilotage	faill yn stiureyder; keesh stiuree; tushtey yn stiureyder
pimple	gurrin; plucan; pushag
pincers	chionnchuryn; corragyn; ordaagyn
pinchbeck	airh vreagagh; breagagh; foalsey
pinion	fedjag; giarrey ny fedjagyn jeh; kiangley laueyn
pink	bane-yiarg; jiarg-bane; blaa ruishagh
pioneer	fer toshee; kioneraadagh; jannoo hoshiaght
pip	geeg; rollage; sheel
piqued	cammanagh; sneeuit; sneihagh
piracy	lhong spooilley; mooirchragh; mooirchraght
pistol	gunn laue; pistol; pistal
pitchfork	ceau lesh gollage; gollage; gollage chiaullee
pitted	spoghttagh; spohttit; thiollit
pivot	cassey er pinney; cur er pinney; pinney
placard	cur fogrey er; cur posteyr er; fogrey
placid	kiunid; oayllaashagh; soccaragh
placidity	kiunid; oayllaashaght; soccarys
plank	boayrd; claair; deal
planter	correyder; plandailee; soieder
plastered	plaastrit; slaait; scooyrit
plasticity	plastaght; so-lhoobaght; soyallooaght
playfulness	gammanys; reaid; spoyrtoilid
plaything	dee; didee; gaih
pleat	cur pleat ayn; pleatal; pleat
plebeian	fer jeh'n theay; pleabagh; theayagh
pledging	cur myr raane; gialtaghey; gioaldaghey
plenitude	laanid; lhieenaraght; palchid
pliable	lhoobagh; so-lhoobagh; beasagh
plotter	co-chialgeyr; kialgeyr; oayllee caslys cheerey
plug	dhull; plug; stoppane
plume	cur dossan fedjag er; dossan fedjag; fedjag
plunderer	cragheyder; lhomeyder; rueg
plundering	gruiaghey; jannoo cragh; jannoo craght
plus	cowrey moojey; moojey; Four plus one
plutocrat	argid-reiltagh; fer berchagh; plutacraat
ply	filley; jannoo turrys; obbraghey
poach	lieh-vroie; poatchal; scoaldey
poaching	gaddeeys; lieh-vroie; poatchal
pockmarked	garroo; lane ynnydyn y vreck; spohttagh
pock-marked	garroo; lane ynnydyn y vreck; spohttagh
pod	fynneig; lhiannag; bleayst
poignant	geyre; garg; gort
point-blank	dy bollagh; fo beeal gunn; jeeragh
pointedness	barbaght; birrid; geyrid
pointer	leeid; maidjey; snaid
poisoned	nieuit; pyshoonit; They are all poisoned
polar	ardoil; poullagh; poulleyr
poles	sthewir; poullyn; cruin
pommel	boogh; kione jeelt; ooyl
pontifical	ard-saggyrtagh; lioar ny haspickagh; paabagh
poplar	billey pobbyl; pobbyl; poplar
popping	frappagh; frapperagh; frapperaght
populace	pobbyl; sleih; theay
popularity	ennoilid; ennoilys; foayr cadjin
popularize	cadjinaghey; cur enney yn phobbyl er; skeayll mastey'n phobbyl
portal	dorrys; giat; giat-entreilys
portliness	reurid; staydoilid; staydoilys
portraiture	cochaslys; cochaslysaght; coontey
pose	cur ny hassoo; lhiggey; lhiggey er
postman	dooinney post; fer post; fer y phost
postponed	currit jeh; lhiggit shaghey; shlearit
postponement	cur jeh; shaghney; shlearaghey
pothole	coirrey; pot; towl
pottery	pasheydys; siyn craie; thie pasheydys
pounded	broojit; bwoailt; mynvroojit
pounding	broo; bwoailtagh; tratnagh
pout	cur puiss er; jannoo meill; puiss
powerfulness	cummaghtys; cummeydys; lajerid
powerless	gyn cummaght; gyn pooar; neuchummaghtagh
practicable	cooilleeintagh; jannooagh; so-yannoo
prancing	joltagh; lheimyraght; corlheimyraght
prattler	cabbaragh; cabberagh; hengleyr
precipitate	co-ghlooaghey; kiontoyrtagh; kiontoyrtaghey
precipitation	co-ghlooaghey; fliaghey; frassaghey
precocious	appee roish yn traa; mogh-appee; shenn-creeney
precociousness	jeean-appeeys; mogh-appeeys; shenn-chreenaght
predicament	creoiys; cront; hobbyl
predicant	preacheilagh; preachoor; shirveishagh
predict	faaishnaghey; insh rolaue; roie-insh
predominate	geddyn yn varriaght er; s'earrooagh; The Gaelic words predominate(
preface	cur roie-raa rish; goan foshlee; roie-raa
prefix	cur myr roie-ockle rish; cur myr roie-raa; roie-ockle
prejudicial	farvriwnyssagh; jeeyllagh; lhiettrimagh
preliminary	roie-; toshee; toshiaght
prelude	cheet roish; roie-chloie; roie-immeeaght
premature	lhuan; lhuanagh; neuappee
premonition	fysseraght; monney; raaue
preparedness	aarlooid; ullid; ullys
presbytery	quaiyl Phesbyteyragh; shanstyr; thie saggyrt
preset	roie-hoit; soit rolaue; soiaghey rolaue
pretender	aggyrtagh; fer foalsey; fer lhigggey
prevalent	cadjinagh; goaill niart; goaill raad
prickle	broddey; jialgaghey; caulg
probe	broddag; scrutag; Lunar probe
problematic	crampagh; feyshtagh; keishtagh
problematical	crampagh; feyshtagh; keishtagh
procedure	aght; immeeaght; trior
procrastinate	feiyal; lhiggey shaghey yn traa; shlearaghey
procurator	ynnydee; fer-oik 'syn ardschoill.; KellyE
prodigality	jummalys; jummallys; jummalid
prodigy	yindys; Infant prodigy; - Paitchey yindyssagh.
producer	gienteyder; Gas producer; jantagh
production	obbragh; gientyn; sheeyney
productive	bishee; breyagh; jeeillagh
profanity	anchasherickys; seihlltaght; seihlltys
profiteer	ard-chosneyder; vondeisheyder; jannoo ard-vondeish ass
profitless	gyn cosney; gyn vondeish; neuvondeishagh
progressive	beggan er veggan; feer eiyrtagh; goll er oai dy tappee
prohibit	lhiettal veih; meelowal; obbal kied
prohibitionist	chirrym; tarmestagh; tarmestee
prolongation	lhiuraghey; liuraghey; sheeyney
prolonger	beayneyder; lhiureyder; sheeyneyder
promiscuity	comyssey taghyragh; meshtallaght; mestey
promiscuous	comyssagh; coveshtagh; meshtagh
prompt	cur ayns kione feanish; cur yn fockle 'sy veeal; greinnaghey
proneness	crommey hug; jeeanid; lhie
prong	gah; goullan; mair
pronounceable	raagh; yn-choraaghey; yn-ockley magh
prophetical	faaishnagh; fadeyragh; tuaragh
propitious	aigharagh; foayragh; foayroil
proportional	coreiragh; lieh my lieh; freggyrtagh
proposer	fer ta cur roish; moylleyder; treealeyder
prostatism	chennid ushtey; prostaitaght; prostaitys
prostration	er trogglooid; sheeyney; sleaghtaght
protract	lhiuraghey; sheeyney magh; tayrn rere scailley
protrude	cheet trooid; deamey; gobbey magh
protrusion	att; boogh; bossan
prowess	erroort; lajerid; lajerys
prowl	rouail; rouailley; shelg
prowler	rouaillagh; rouailleyder; shelgeyder
proximity	faare; gerrey; niessid
proxy	meoirys; ynnydee; shagh-teiyder
pry	peeikearagh; sheegerey; skeetal
psyche	aigney; annym; spyrryd
psychic	quaagh; quaaie; sheekagh
psychical	quaagh; quaaie; sheekagh
puck	claare sooane; fainey sooane; fainey
puffy	ass ennal; bolgagh; puissagh
pugnacious	bwoaltagh; streeuailtagh; troddanagh
pugnacity	bwoaltys; streeuailtys; troddanaght
pulverization	beihll; broojey; mynnaghey
pulverize	beihll; broojey; jannoo poodyr jeh
purblindness	doal-inchynaght; giare-reayrtys; lieh-ghellid
puritan	fer ro-chrauee; puritaanagh; ro-chrauee
purloiner	gaddee; geideyder; keilleyder
purport	keeayll; kiarail; lhieggey er
pusillanimity	lambaanid; lambaanys; lhag-spyrrydoilaght
pustule	gurran; pushag; spoht breck
putrefy	breinnaghey; loauaghey; molkey
puzzling	boiragh; keishtagh; boirey
quack	far fer lhee; quack; quackal
quadruple	bishee liorish kiare; kiare-fillagh; kiare-filley
quagmire	boglagh; curragh; curragh craaee
quaker	craader; fer craaee; quaker
qualification	cooieaght; cooieid; foaysaght
qualify	aarlaghey; cur coontey jeh; jannoo cooie
quarantine	cur fo quaranteen; quaranteen; To be in quarantine
quarreller	troddanagh; troddaneyr; troiddeyder
quarrelsome	bwoailtagh; streeuagh; troddanagh
quarrelsomeness	bwoailtaght; streeuaght; troddanaght
query	cowrey feyshtey; fenaght; fenaghtyn
queue	arbyl; famman; The back of the queue
quibble	cabbaragh; loayrt dy shaghrynagh; shaghrynys
quickness	leahys; tappeeid; tappeeys
quicksand	geinniagh vio; muc gheinnee; traie sluggee
quick-witted	bio-inchynagh; geyre-inchynagh; kioot
quieten	cur aash er; cur ny host; feaghey
quill	cuill; fedjag; jialg
quinsy	reaym; trew; gorley-plooghee
quire	kerroo-phabyr; kiare coipyn as feed; carree-chillagh
quoin	clagh chorneilagh; jeenys; jingey
rabbet	jannoo rabbat; kiangley lesh rabbat; rabbat
rabid	er rouyl; keoi; lane confey
racked	guint; voir; I racked my brains over it
radiate	gahagh; goulragh; gahghey
radiator	chiasseyder; feayreyder; goulraghteyr
raft	raftey; sleayd ushtey; snauan
raggedness	fritlagys; fritlid; giubbylaght
rainfall	fliaghee; fliaghey; fliughey
raking	cleaynt sheear; corlaigey; raakey
rakish	cleaynt; raistylagh; sheeynt
rally	aachruinnaghey; aahoiagh; aavioghey
rambling	branlaadee; rouaillagh; rouailley
rampant	lieh-ard; ooilley mygeayrt; rank
ranch	ransh; ranshey; troggal stock er ransh
rankness	breinnid; gortaght; rankid
rap	crank; far-lhieng; polt
rape	egin; egin ben; eginaghey
rareness	awid; goanid; neuchadjinys
rascally	mitchooragh; mooidjeenagh; screbbagh
rashness	raghlid; raghtalid; raghtalys
rasp	caignan; caigney; craiughan
rat-infested	croo lesh roddanyn; lane roddanyn; roddanagh
rating	keesh-thie; graadaghey; jannoo keeshyn balley
ration	co-rheynn; lowanse; lowansey
rationing	rheynn; lowansey; co-rheynn
ravage	craghey; spooilley; cragh
reactive	aawoalltaagh; frasseeagh; freggyragh
realization	cur gys argid; ennaghtyn; jannoo firrinagh
rearward	cheu chooylloo; cooyl arbyl; er-ash
reassure	aaniartaghey; aayarrooaghey; cur cree da
rebelliousness	meeviallys; neufreihys; noi-vreihys
rebound	aachlistal; aachlistey; aalheim
rebuff	cur flout da; flout; floutyragh
rebut	cur y breag er; floutey; floutyraght
recast	aahilgey; aareirey; aareir
recede	cleayney; goll ergooyl; traie
receivable	ry-gheddyn; ry-ghoaill; yn-ghoaill
recess	boayl fadanagh; cuilleig; far-uinnag
reciprocating	covuilley; covuilltagh; maylartagh
reconstitute	aachummey; aavunnaghey; aayannoo
recriminate	aachassid; jannoo cassid er; aacherraghey
recruit	listal; troggal sidooryn; noanee
rectorship	pessonaght; pessonys; reiltaght
recur	aahaghyrt; cheet gys cooinaghtyn; aahaghyr
reddishness	jiargid; ruissaght; ruyid
redirect	aa-enmyssey; cur enmys noa er; aa-enmys
redpoll	bytermyn cooyl-jiarg; lossan ruy; kione-jiarg
re-echo	aareggyrt; ceau mactullagh; gra er ash
reef	coorse; Shake out a reef; cuishlin
re-examine	aa-eyshtey; aaronsaghey; aascrutaghey
referee	briw; eddyr-chiartagh; fer reaghys
reflecting	aahoilshagh; aahoilshaghey; cohoilshagh
reform	aachroo; aachummey; lhiassaghey
refrigerator	feayreyder; rioder; riojeyder
regatta	giense marrey; gleck marrey; ratch baatyn
regenerated	aaghiennit; aaniartit; aavioghit
regulate	cur conaant-dellal nyn lhie er sleih; curmal; curmaghey
regulator	curmeyder; reilleyder; reiltane
reinflate	aahionney; aalhieeney; aavolgey
rejoin	aachiangley; freggyrt; goll erash da
rekindle	aafoaddey; aaghreeshaghey; aafoad
relapse	aaghoghan; aahuittym; aaskyrraghtyn
relay	lhiass-chreelaghey; lhiass-chreeley; possan noa
relinquish	cur harrish; cur seose; faagail
remedial	couyragh; foayssagh; saasoil
remiss	lhiastagh; lhiastey; meerioosagh
remoteness	join; fadanid; foddid
rendezvous	boayl quaaltys; thie oayll; ynnyd cruinnee
repellent	graynag; graynoil; imman ergooyl
replete	lane; saie; They are replete
repletion	lanid; saieid; saieys
repress	cur fo smaght; cur haart; streeanaghey
repressed	castit; currit fo smaght; streeanit
reprimand	cassid; cur oghsan da; oghsan
reproduce	aagymmyrkey magh; aahayrn; g'aa-ymmyrk magh
repudiate	jiooldey; shaghney; treigeil
researcher	aahirreyder; aaronseyder; ronseyder
resembling	casley rish; gollrish; lhiannanagh
resent	bee goanlyssagh rish; ve jymmoosagh rish; ve myskidagh rish
reservation	boayl er lheh; cooyl-smooinaght; freilltys
reset	aachlou; aachur-seose; aahoiaghey
resin	pick vane; rosin; soo ny juys
resource	couyr; saase; saasoil
restock	aastoyral; cur sthock noa ayn; cur sthock reesht ayn
restorative	aachrooagh; aahroggalagh; aalaanee
restriction	lhiettalys; smaght; teorey
retake	aaghlackey; aaghoaill; goaill reesht
retardation	annoonid aigney; cumrailys; gorley keeaylley
retarded	jei-cheeayllagh; lag-hastagh; streeanit
retention	freaylley; kiangley; taartys
retentive	cooinaghtagh; cooinidagh; freayllagh
reticulate	jannoo ingagh jeh; jannoo lhieen jeh; rheynn ayns moggylyn
retrace	aachroo; feddyn reesht; filley er ash
retract	tayrn er ash; yrjaghey; goll er ash
reunite	aachiangley; aachoardail; cur cooidjagh
revel	giensal; jannoo ronneeaght; giense
reverberate	aaheeaney; aawoalley; cheet er ash
review	aareayrtys; aareayrtyssey; aavriwnys
revision	aastudeyrys; aavriwnys; karraghey
revolution	caghlaa mooar; He died at least ten years before the great revolution7; irree magh
revolutionary	irreyder magh; meeammyssagh; tholk noa
ridicule	faghid; fannidys; jannoo faghid jeh
rifle	gunn laue; gunney-liauyr; raifyl
rifled	raiflit; ronsit; roosit
rift	brooighe; bruight; bruightooil
rigid	gyere; jeeragh; neulhoobagh
rigidity	geyrid; jeerys; neulhoobid
ripping	mie erskyn insh; raipagh; rassagh
riskiness	cryggilaght; cryggilid; gaueid
risky	cryggilagh; gaueagh; thallooinagh
rival	braar sooree; coghrialtagh; trughanagh
riverside	broogh awiney; oirr ny hawin; awiney
rivulet	glasheen; jeeigane; strooan
rocket	irree seose jeeragh; roggadey; roggad
rockface	carrick; eddin; sker
rockworm	jargane; jialgane; jialganeagh
romance	cooish ghraih; far-skeeal; far-skeealeraght
romantic	ashlinagh; druiaghtagh; far-skeealeragh
rook	trogh; troghan; troghan doo
roomy	feayn; reamyssagh; rooymoil
roost	farrar; To go to roost; goll dy lhie
rosary	crooin Voirrey; cruineenyn Voirrey; garey rose
rotting	loauaghey; molkagh; molkey
rotundity	blaaoilid; cruinnys; runtid
rouge	jiarg; Rouge one's cheeks; jiargaghey
rough-and-tumble	bea corragh; garroo; ruilley-builley
roughcast	garroo-hilgit; tilgey dy garroo; tilgey garroo
roundabout	chymbyl; chymbyllagh; cruinnag
roused	broddit; dooshtit; moostit
rowan	billey keirn; cuirn; keirn
royalty	reeoilid; reealtys; reeriaght
RSVP	Cur freggyrt da; n chuirrey my sailt; Cur-shiu freggyrt da
rumble	buirroogh; Rumble like thunder; buirrooghey
runway	raad-etlan; roievollagh; ppell
russet	keeir-lheeah; russad; ooyl ruy
rustle	craa; farrym; geid ollee
ruthlessness	barbaraght; neuhrocairys; neuvyghinid
sac	bolgan; poagey; sac
sacked	ceaut ass obbyr; ceaut ass staartey; craghit
sacredness	baneeaght; casherickys; dovrishtaght
saddle-backed	jeeigit 'sy ghreeym; jeelt-drommagh; moal-drommagh
safeguard	arrey coadee; coadey; saase coadee
saintliness	banneeaght; nooaght; nooyrid
salad	glassan; Salad may have its admirers but I am not one of themF; sallaid
sallowness	buighid; lheeah-viughid; treihys
saloon	cabbane; halley; saloon
sanction	cur chied da; kied; lhiettrimys
sandpit	towl geinnee; slogh geinnee; lag-geinnee
sane	er e cheeayll; slane; slayntoil
sapless	chirrym; creen; gyn bree
sappy	glass; lane soo; oor
sarcastic	craidagh; gallvargagh; gallvergagh
satire	craidoilys; grinderys; rone
satirical	craidoilagh; grinderagh; ronneeagh
sat-nav	sat-stiurey; sat-stiureydys; sat-lhuingysseyraght
saturate	baih; lhieeney; saiaghey
sauciness	assagys; bryntid; perkinaght
savageness	barbaraght; clohan; feiaraght
scad	breck frangagh; lhiemmeyder; scad
scan	cronnaghey; mynscrutaghey; scaney
scandalmonger	beealerey scammyltagh; caartreyder; chengleyr scammaltagh
scarceness	dulley; gennid; goanid
scare	aggle; It gave me a scare; atchim
schemer	crouteyr; cummeydagh; kialgeyr
schemes	coyrliaghyn; skeimyn; skeymyn
scheming	cluge; cummeydaght; clugagh
schoolfellow	cumraag scoill; sheshey-scollag; sheshey-schoillar
schoolteacher	fer ynsee; ynseyder scoill; fer-ynsee
scientist	oayllee; sheanseyr; skeeandagh
scissor	giarrey lesh shuddyryn; shuddyr; shuddyryn
scoop	cragh; craghey; sleaystey
scowling	grouigagh; grouigey; scryssagh
scragginess	garrooid; meillid; neureays
scraggy	craueagh; garroo; lhome
scramble	bwoalley; jannoo mestey vestey jeh; skeaylley
script	bun-screeuyn; laue-screeuyn; screeuyn
scrubbed	scooirt; scrysst magh; scryst magh
scrupulous	cruinn; imneagh; mynchooishagh
scuffle	costreppey; jannoo boiranys; screebane
sculpture	grainnaghey; grainney; jallooderys
scupper	limmer; scuppyr; sinkeil
scuttle	sooill lhuingey; cruick gheayil; towl cooylley
seafront	bayr traie; esplanaid; shooylaghan
seaman	marrinagh; Able seaman; shiaulteyr
seamanship	marraght; shiaulteyrys; schle
seamless	gyn junt; gyn whaaley; gyn whomm
seaport	balley keayin; lhong-phurt; purt
sear	fowaney; jannoo dhone; shirgaghey
seascape	caslys marrey; mooir-chaslys; reayrt marrey
seasoning	blasstalys; faagail; cliaghtey
seawards	gour yn aarkey; lesh y cheayn; lesh yn aarkey
seaworthy	aarloo da'n aarkey; aarloo da'n cheayn; aarloo da'n vooir
secrecy	follaghey; folliaght; keiltynys
secular	neuvonnagh; seihllt; seihlltagh
seedsman	caihder; rasseyder; sheeleyder
seedy	caihagh; chingyssagh; rassagh
see-saw	laair vaidjey; maidjey corragh; leaystey
segment	meer; rheynn ayns meeryn; scarrey
seismic	craa-hallooinagh; seismagh; thalloo-chraagh
seizing	goaill; greimmey; nastey
self-determination	hene-reddey; hene-reill; seyrsnys
semi-detached	lieh-hie; lieh-scarrit; thie lieh scarrit
senator	shannadeyr; shanstragh; fer-coyrle
seniority	ardjid keim; eash; shenndeeaght
senselessness	kyrloghid; meecheeall; meecheeallid
sensuality	gimmanys; saynt ny foalley; soyllarys
separately	er lheh; fer as fer; fer ny yei fer
sepulchral	dobbranagh; dobberanagh; groamey
serenade	kiaull oie; Serenade; serenaid
serenity	kiunaght; kiuney; kiunid
serrated	aggagh; feeacklagh; kereagh
server	reireyder; shirveishagh; tendeilagh
sex	chibbag; jibbag; dooghys
shabbiness	boghtynid; boghtynid choamrey; kercheenys
shabby	boght; boght-choamrit; kercheenagh
shackles	geulaghyn; kianglaghyn; The shackles of convention
shadiness	doorey; ouryssaght; scaa
shagreen	crackan sharkagh; lhiare grineenagh; troggal grineenyn er
shallowness	aaghiunid; eaghtyraght; eddrymid
shambles	corvaal; thie buitchoorys; margaghyn
shampoo	folt-heeabin; folt-oonley; sheeabin foltoonlee
shamrock	samark; shamrag; Four leaved shamrock
shareholder	ayrniagh; rheynneyder; ronneyder
shark	sharkagh; Basking shark; fanneyder
sharp-sighted	geyre-hooillagh; geyre-reayrtagh; creeney
sharp-sightedness	shilley birragh; shilley geyre; creenaght
shatter	mynvrishey; scryssey magh; smoashal
shattered	mynvrisht; scryssit magh; smoashit
she-ass	assyl bwoirrin; assyl bwoirryn; laair assyl
sheepdog	coo keyrragh; moddey cloh; moddey keyrragh
sheeptrack	cassan keyrragh; dann; raggey
shibboleth	jarroo-raa; shenn-raa ceaut; shibboleth
shimmer	craa-skell; craa-skelley; skell
shipment	cur er boayrd; troggal er boayrd; shiaulley
shipwreck	coayl lhuingey; cur jerrey rish; lhongvrishey
shipwrecked	brisht; caillt; lhongvrisht
shoal	broogh; skyoll; skyolley
shocking	atchimagh; craaynagh; scammyltagh
shoelace	kiangley braagey; laatchey; yeeal vraagey
short-lived	giare-heillagh; giare-heiltagh; neuveayn
showy	erreaytagh; jesheenagh; taishbynagh
shudder	er-creau; cur er creau; You make me shudder
sicken	aase ching; cur chingys er; cur feoh da
sickliness	doghanys; dourinaght; jiooldaght
sigher	osneyder; soghallagh; sogheyder
silhouette	gruaie; scaa-chaslys; tayrn scaa-chaslys jeh
silkiness	meeinid; sheeidaght; sheeidoilaght
silky	meein; sheeidagh; sheeidoil
sill	leac uinnag; laare; jeayst
silliness	meecheeayl; meecheeayll; meecheeayllid
silt	glaare; laagh varrey; lhieeney lesh glaare
simpleness	meecheeayl; meecheeayll; meecheeayllid
simpleton	blebbin; bolvane; giare-cheeayllagh
singly	fer er fer; gyn cooney; lomarcan
sinister	baggyrtagh; neuyesh; olk
sinker	clish; clysh; There's a net sinker on her tail
sinless	gyn-loght; gyn peccah; neuloghtagh
siphon	jiole-phiob; shiffaanagh; shiffane
sissyish	boobagh; nesh; soaillit
sitter	guirreyder; kiark ghuirragh; soieder
skid	saayl; skirraghtyn; skirrey
skinner	craitneyder; fanneyder; shehder
skyline	bun ny speyrey; faarey; fannys
slackness	ansmaght; buiggid; buiggys
slam	builley; bwoalley; carrame
slant	cur sceau er; faaney; sceau
slanting	cleaynit; Slanting handwriting; croghit
slash	baarney; beim; fanney
slashed	fannit; giarrit; scart
slashing	fanney; fanntagh; scuitchal
slating	cur lhic er; fanney; sclatal
slaty	leacagh; sclate-ghorrym; sclate-lheeah
slaughterer	buitchoor; cragheyder; marrooder
slaughtering	buitchooragh; haar; marroo
sleepless	gyn cadley; sheer-ghooisht; Sleepless brain
slenderize	keylagh; keyley; shangaghey
slenderness	genney; keylid; shangid
slick	abyl; arbyl; jesh-laueagh
slickness	ablid; gastaght; jesh-laueaght
slightness	begganid; eddrymid; feoisid
slipping	skirrey; skyrraghtyn; The clutch is slipping
slither	skyrraghtyn; skyrrey; snaue
slog	smishtaghey; smishtey; tayrn smishtey er
sloppy	jeeillagh; lheaumagh; slobbagh
slot	scoltan; giarrey scoltey ayn; scoltey
slough	ceau yn crackan; crackan; feill varroo
sludge	dreedyr; laagh vog; sluddaght
sludgy	dreedyragh; laaghagh; sluddagh
slur	comys; kiangle; moandid
slyness	cluge; cooishaght; foall
smalls	myn-eaddeeyn; Washing her smalls; mynlagh
smartness	bioyrid; glickys; jeshid
smash	bransal; bransey; brasney
smasher	brisheyder; stoamey; She's a smasher!
smear	smearey; tootey; slaa
smelter	lheieder; smelt; thie lheie
smog	jaagh-chay; kay phlooghee; kay vooghee
smoothest	s'meeiney; s'rea; s'reajagh
smoothness	lhoamid; meeinid; reaid
smuttiness	broidid; glare ghlieemianagh; sooieaght
smutty	broighe; cannooagh; gimmanagh
snag	bac; gragane; kiap
snakiness	aarnieuaght; lhoobagh; nieunaght
snap	greim; greimmey; goaill jalloo jeh
snappishness	caulgid; feeacklaght; friogganys
snaring	ribbagh; ribbey; ribbeydagh
snarl	gyrn; grinderagh; gyrnal
sneer	connaasagh; faghid; grinderys
sneezing	streighernee; streighraght; streiyraght
snip	dellal mie; kionnaght vie; giarrey
snoop	keekal; keekey; keekeyder
snot	breban; har; smug
snouty	sockagh; stroinnagh; stroohagh
snowball	bluckan sniaghtee; ceau bluckan sniaghtee; gaase dy tappee
snowdrift	sheebey sniaghtee; sheebane sniaghtee; shiaullane
snowflake	claddan; claddan sniaghtee; floag sniaghtee
souyrid	cha; How can he be so cruel?; cho
sock	mynoashyr; oashyr; oashyr veg
softness	buiggid; buiggys; meeinid
soggy	baiht; fliugh; tash
soiling	sallaghey; sollaghey; solley
solicit	jannoo aghin son; shirrey; yeearree
soliciting	shirrey; yeearree; yeearreeagh
solidity	claght; fondid; gruntalaght
solitariness	fadaneys; lomarcanys; neuheshoilys
solitude	fadane; fadanys; lomarcanys
solo	arrane ny lomarcan; kiaull ny lomarcan; quist da 'nane
solvency	follanid; fondid; sooghid
songless	gyn arrane; gyn kiaull; neuarraneagh
soothsayer	faaishnagh; fallogyssagh; guess
sordid	sollagh; sondagh; trullee
sot	floddan; kione meshtal; pohteyr
sough	osnaghey; osney; soghal
sourness	gearid; geyrid; gortys
souse	fliughey; meshtey; piggley
southerly	gour y jiass; jiass; Southerly exposure
spaceman	spoareyder; dooinney-spoar; spoar-troailtagh
spank	gred ny curpyn; greddaney ny curpyn; greddey ny curpyn
spanker	cabbyl tappee; greddeyder; shiaull arbyl
spanner	rinse; spanney; ogher-cassee
spar	clarinagh; co-ghleck; sparrey
spareness	gennid; thannid; neuriurid
spasm	lhieeney; raght; teaym
spatter	crottey; slaa; spreih
spectator	cronneyder; fakider; jeeagheyder
spectre	arraght; scaan; ashlish
speculate	jannoo tuarymaght; sheiltyn; shein
speculator	sheiltynagh; tuarymagh; fer-heaymagh
spendthrift	baarailagh; jummallagh; stroialtagh
spewed	skeahit; skeayit; skeayt
sphere	cruinney; magher; rheynn
spike	birrag; kibbin; greimmey lesh birrag
spindle	fess; She layeth her hands to the spindle; ee cur e meir gys y fess
spinster	ben neuphoost; ben sneeuee; caillin gyn poosey
spiral	caslagh; cassagh; jannoo caslagh
spits	shellaghyn; Bible; bhir
splashy	glonkagh; skeollagh; spreihagh
splay-footed	cam-chassagh; liebeigagh; spaagagh
spliced	poost; skerit; skerrit
splutter	sparchal; spooyteraght; sparch
sponging	jiole voish; jioleydagh; thoagaghey
spontaneous	arryltagh; joinagh; seyr-hoillagh
spool	rollian; spooyl; togherys
sportsman	cloieder; shelgeyr; spoyrteyr
sprain	lheanaghey; lheaney; sheeyney
sprinter	ratcheyder; roieder; sprinteyr
spume	barrag; dredje; folt y ven varrey
spunk	creeaght; daanys; musthane
spurt	driss; grash; skioot
spying	scryaltys; sheegerys; speeikearagh
squall	clabbin; glistyr; screeagh
squanderer	jummal; jummalys; jummallys
squawk	graag; scraagh; graagey
squelch	broojey; leaum; leaumey
squid	dyachlym; peie vreinn; squid
squirt	farrane; farraneagh; skioot
stab	saih; Stab in the back; seiy
stabbing	saih; saihagh; seiyagh
stabilizer	beayneyder; co-soieder; skian-fondid
stag	charroo; dow; Stag of red deer
staleness	eigid; eighid; gartid
stamina	bree; butt; innagh
stammer	cabbid; loayrt dy cabbagh; loayrt dy thittagh
stammerer	cabbagh; fer moandagh; stuttalagh
standards	stundayrtyn; culleeyn; every man in his place by their standards3
starboard	cheu yesh; On the starboard beam; jesh
starch	stark; starkaghey; starkey
starfish	crossag varrey; deill; dell
starkness	lajerid; reenid; treanid
starlit	rollageagh; roltagagh; rondagagh
static	neughleashagh; staddagh; staddaght
stationery	cullee screeu; pabreydys; staishoneyraght
statistics	earroo; steat-choontey; staddyssaght
stave	bad; claare; cleeah
stayer	cabbyl beayn; dooinney beayn; fuirreyder
steadily	dy corrym; dy rea; gyn stad
steed	agh; eagh; niagh
steely	creoi; foyragh; stailliangh
steer	stiurey; stiur; stott
stereotype	beaynaghey; cur beaynchroo er; plaital
sterility	amrideeaght; shiastaght; shiastid
sterilization	amridaghey; jannoo shiast; shiastey
sterilize	amridaghey; jannoo shiast; shiastey
sterilized	amridit; jeant shiast; shiastit
sternness	creoighys; groamid; loghtalid
sticky	gleiynagh; greimmagh; lhiantagh
stiffness	chionnid; doilleeid; creoighys
stifled	plooghit; plooght; I am stifled
stillborn	marroo-ruggit; marroo-vehrt; marroo-vreyit
stinker	breimen; feer ghoillee; The history paper was a stinker&
stint	garrey; shayll; mooaraghey
stirrer	greeseyder; mesteyder; seiyder
stitched	fuaillit; greimmit; whaalt
stocktaking	coontey sthock; leaghal; leaghal sthock
stonecutter	cummeyder cloaie; giarreyder cloaie; jallooder cloaie
stope	guag; ooig; pitschal
storekeeper	fer shapp; fer stoyr; shappeyder
storyteller	breagerey; shennaghee; skeealeragh
story-telling	shennaghys; skeealaght; skeealleydys
stowage	costys lughtee; lughtaghey; tashtey
straddle	maidjey; scarrey goal; shassoo scart
straightness	jeeraght; jeerid; jeerys
strained	chionnt; sheelit; sheeynt
strainer	chionneyder; sheelane; shollane
stranded	faagit; treigit; soie chirrym
strapped	kianglt; sthrappit; yeeallt
strictness	cruinnid; geyrid; jeerid
stringy	reen; reenagh; strengagh
stroller	riblas; rouailtagh; shooyllagh
stronghold	doon; carrog; carrick
structural	coyannoo; troggallagh; strughtooroil
structure	co-yannoo; jannoo; kiaddey
strut	ard-cheimnaghey; ard-chesmad; braid
stud	griagh; griaght; laan
studious	lhaihagh; lioaragh; studeyragh
stultify	cur er neunhee; faagail gyn vree; jannoo ommidan jeh
stun	cur neeal er; jannoo thollaneagh; kyrloghey
stutter	abbyr dy moandagh; loayrt dy cabbagh; loayrt dy moandagh
sty	lheunican; mucklee; muclagh
subaltern	eeghtyragh; fo-oikagh; injil
subcontinent	fo-vooar-rheynn; fo-heer; vooar
sublime	ard-reamagh; nhee s'ooashley; ooashlaght
submarine	fo-honn; fo-vooir; fovooirane
submerge	baih; cur fo'n ushtey; goll fo
subordination	curmeydaght; curmeydys; fo-oardaghey
substitution	caghlaa; cur ayns ynnyd; maylartey
subtle	croutagh; fysseragh; geyre-chooishagh
subtlety	cluigid; croutys; kialg
suchlike	lheid shen; nyn lheid; Poets, writers and suchlike#
sudsy	keshagh; keshalagh; sobbylagh
sufferance	fuillaghtyn; kied; surranse
suicide	dunver hene; dunverys hene; hene-varroo
suitability	cochormys; freggyrtaght; jeshid
suitor	accanagh; dooinney sooree; fer sooree
sulk	jannoo meill; pooitch; smull
sultana	ben sultan; sultaanagh; benrein yn impir Hurcagh
summertime	raiee yn touree; sourey; traa noa
sundew	lus ny graih; lus y druight; lus yn eiyrtys
super-	sar-; sur-; far-
superintendence	jeeaghyn harrish; oaseirys; stiurey
superintendent	ard-er; kione ny meoiryn shee; oaseir
superlative	sur-cheim; sur-cheimagh; sur-vie
supernatural	erskyn dooghys; neughooghyssagh; quaagh
superstructure	eaghtyr; sur-hroggalys; ard-troggalys
supervisor	meoir; oaseir; stiureyder
supporter	cooidjeyder; cummeyder; fer niartee
suppressed	currit fo chosh; mooghit; plooghit
suppressor	casteyder; moogheyder; ploogheyder
suppurating	yngyragh; yngyraghey; yngyraght
surly	groamagh; grouw; sproghtagh
susceptible	cleaynit gys; currit da; foshlit da
swab	jiole seose; jioleyder; taaheen
swamp	anagh; boglagh; creelagh
swarthy	dhoan; dhone; doan
swaying	leaystey; lunjeaney; mooireerey
swig	slug; sluggag; sluggey
swill	cooid ny muick; strull; strulley
switch	corrag; Starting switch; scuitch
sycamore	billey shykey; shykey; sycamore
symmetry	co-chrooaght; coreggyrtys; shimmeadraght
synchronize	cheet cooidjagh; sincroaney; soiaghey
tabloid	baghtagh; milljan; pabyr-naight baghtagh
tadpole	frog aeg; rannag aeg; torbane
tailoring	thalhearagh; thalhearaght; thalhearys
taint	breinnaghey; jannoo sollagh; breinnid
talebearing	naigheagh; skeealeraght; tutleraght
talkativeness	beealeraght; chengleyrys; tutleraght
tallest	smoo; s'lhiurey; My sister is the tallest of our family7
tanker	doagh troailt; doagh-hroailt; lhong ooill
tariff	claare-costys; claare leaghyn; custym
tarnish	mill; milley; smull
tattler	skeealeragh; skeealeyer; tutler
tattling	beealeragh; skeealeragh; tutleragh
tattoo	dollan ny hoie; tattoo; taishbynys oie
tawny	cartagh; loaghtan; ouyr
teased	boirit; kereit; speeinit
technique	chaghnys; keirdeeaght; He's got the technique!
tell-tale	chengey lhag; cleaysh chooag; inshagh
temerity	daanys; eddin; Temminck
tennis	bassag; leddoge; tennys
tension	chennid; chionnid; sheeyney
tergiversation	goll ergooyl; treigeilys; chengey lhiam lhiat
termination	creeagh; jerrey; kione
tether	cribban; crubban; eiystyr
therewithal	chelleeragh ny yei; harrish as erskyn shen; lesh shen
thievishness	braddaght; braddid; bredid
thinkable	feeu smooinaght er; sheiltynagh; smooinaghtoil
thinness	feiosid; keylid; thannid
thorough	dowin; magh as magh; slane
thoroughfare	bollagh; cassan; bayr
thoroughness	creaghnoilaght; cruinnys; glennid
thoughtlessly	dy meehastagh; dyn smooinaght; dyn tort
thoughtlessness	antort; meehastid; meerioose
thousandth	jeih cheeadoo; millioo; thousaneoo
thraldom	bondiaght; breihys; sleabaght
thrall	breih; deyrsnagh; sleab
throttle	pioban; scoig; scoigey
throttling	toghtaghey; toghtey; scoigey
thrower	ceauder; ceaueyder; tilgeyder
thumper	donkeyder; labbeyder; polteyr
tickling	doarn-eeastagh; kickilagh; kickley
ticklish	cast; doillee; kicklagh
ticklishness	castid; doilleeid; kicklaght
tidiness	jeadid; jeadys; jeshid
tig	cloie tig; cur tig er; tig
tiger	cheegyr; teigyr; lion-schimmeigagh
tights	oashyryn bouinagh; troosyn; oashyryn-lheshey
tile	cheel; leacan; lhiack
tiled	cheelit; leacanagh; sclate
tiler	cheeleyder; jeeneyder thie; sclateyr
timbered	aamaid; foiee; foieet
timidity	aggle; faitys; scaa
timing	combaase; coreilaght; towse traa
tinge	blass; daaheen; mynghaah
tinkle	claggyraght; clinck; gligginaght
tin-plate	cur plait stainney er; stainnaghey; stainney
tinsel	cur tinsyl er; foalsey; tinsyl
tint	bane-ghaah; mynghaah; mynghaahaghey
tithed	fo yaghee; jagheeit; jaghit
tittle-tattle	tutleraght; cabbaraght; tutlerys
to	rish; rishyn; Give everyone his due
toasting	giu slaynt; greddaney; greddey
toilsome	doccaragh; jeidagh; tooilleilagh
tolerant	surrallagh; surransagh; surransoil
tolling	bwoalley cluig; cling; kiaullane
tomahawk	teigh caggee; teiy; teigh-caggee
tonic	aaghleaysheyder; aavreeagh; jough laynt
tope	coo glass; gobbag vooar; gobbag rangagh
top-full	lane gys y chrossag; lane gys y veeal; lung-lane
topple	lhieggal; lhieggey; tuittym
topsy-turvy	bun ry baare; bun ry skyn; fud y cheilley
torpedo	lhieggey torpaid er; torpaidaghey; rock
torpidity	drommid; kyrloghid; magganeys
torpor	kyrloghid; magganeys; magganid
torso	callin; cashtal y corp; colb
toughened	creoighit; creoit; reenit
tractability	so-hayrnaght; so-ghleashaght; so-obbraght
tractile	so-choyrlit; so-ghleashit; so-obbraghys
traditionally	dy shagheydagh; dy tradishoonagh; rere shennaghys
trailer	lorgeyder; sleayd; traileyr
trailing	lorgey; sleaydagh; sleayder
transcribe	aascreeu; mac-screeu; screeu coip
transition	caghlaays; ceaghlid; stayd-chaghlaaee
transmission	pooar-hoyrt; toyrt; ym-skeaylley
transmit	creealey; sheeyney hug; ym-skeaylley
trapping	goaill ayns ribbey; ribbey; soie ribbaghyn
tribune	ardane; crannag; kione
trickiness	cluge; cluigid; cluigid cluge
trickster	cluigeyr; kialgeyr; lhoobeyr
tricky	cleaysagh; clickagh; clinkagh
trifler	bleih; frit; kione tap
trig	cur bac da; cur jeenys da; jeenys
trill	cur craa rish; rowlal; craa
triplet	tree reddyn; triplaid; troor
triplicate	jannoo tree filley; tree filley; tree reddyn
tri-weekly	gagh tree shiaghteeyn; tree laghyn 'sy chiaghtyn; tree-hiaghtinoil
troll	eeastagh lesh rollian; eeastaghey lesh rollian; eeastagh lesh slat
trollop	streebagh; stritlag; trouise
troutfly	far-whaillag; quaillag vreagagh; quaillag Voaldyn
truant	shaghraneagh; shaghrynagh; truggan
trumpeter	cayrneyder; fer cayrnee; trumpeter
trustworthiness	barrantys; surdremid; surdremys
truthfulness	firrinaght; firriney; ynrickys
tubercle	goodin; gurrin; moyl beg
tubular	feddanagh; feddanoil; piobanagh
tucker	eaddagh braaid; walker; walkeyder
tummy	bolg; chiolg; gailley
tumulus	creaghage; crongan; tullagh
turbary	cair voaney; kiart moaney; moanee
turbot	liehbage runt; liehbage yioogh; turbeid
turbulence	anvea; freayn; meereiltys
turner	deilleyder; shaghrynagh; rolteyr
turnstone	chyndaader clagh; goblaghan; ronseyder traie
tussle	gleck noi; gleckey noi; strepey
twaddle	loayrt boghtynid; loayrt raalish; raalish
twirl	car; carral; chyndaa
twirled	carrit; cassit; corrit
twitch	breban; brebbal; craplag feh
twitter	thassane; thassaney; jannoo thassane
umbrage	comys; sneef; sneih
un-	an-; do-; mee-
unaccompanied	gyn sheshaght; gyn sheshaghtys; lomarcan
unaccountable	erskyn soilsheydys; gyn soilsheydys; neureggyragh
unadvised	gyn yss; meecheeayllagh; neuchoyrlit
unaffectedness	firrinys; macaintaght; onid
unaltered	fegooish caghlaa; gyn chaghlaa; neuchaghlaait
unambiguous	cruinn; gyn aacheeal; slane cronnal
unappeasable	gyn lhaggaghey; neuveeinagh; neuveiyghagh
unarmed	gyn arm; neuarmit; neueillit
unattractive	meechleaynagh; meehaitnyssagh; neuchleaynagh
unbalanced	cur ass cohrimmid; neuchohromaghey; meechorrym
unblamable	meechyndagh; neufoiljagh; neuloghtagh
unbroken	gyn brishey; neuvrisht; slane
unburden	anlaadey; eddrymaghey; folmaghey
unburdened	anlaadit; eddrymit; folmit
unceremoniously	dy neuformoil; gyn formoilid; gyn oardagh
unchallenged	gyn doolane; Let pass unchallenged; gyn obbal
unchaste	awane; gimmanagh; maarderagh
unchastity	awanid; gimmanys; maarderys
unchecked	gyn castey; gyn glockey; gyn smaght
unchivalrous	neuchooyrtoil; neuchrinkagh; neureejeragh
uncollected	neuchruinnit; neuhaglit; neuhymsit
uncombed	neucherit; neureaghit; pohllit
uncomfortableness	douyrid; meegherjagh; neugherjys
uncommunicative	dowin; fastagh; neuloayrtagh
uncomplimentary	jee-ammyssagh; neuvrynnagh; neuvrynnyragh
unconcern	neuhym; neuimnea; neuvoirey
unconcernedness	neuhym; neuimnea; neuvoirey
unconsumed	neueeit; neuhymlit; neustroit
unconsummated	gyn commys; gyn cooilleeney; neuchooilleenit
uncontested	gyn cur noi; gyn obbal; neustreeuit
uncontrolled	gyn streeaney; neusmaghtit; neustreeanit
unctuous	ooillagh; blennickagh; smarree
uncurbed	gyn glockey; neuchastit; neustreeanit
undaunted	gyn aggle; neufaitagh; neuscaagh
undefendable	do-fendeil; gyn coadey; neuchoadagh
undefended	gyn coadey; neuchoadit; neufendit
undercut	bwoalley dy injil; creck ny s'neugheyrey; fo-yiarrey
undergrown	fo myncheyll; fo mynfoiee; fo scroig viljagh
underrate	coontey fo'n 'eeuid; coontey fo'n leagh; soiaghey beg jeh
undertaker	fer oanluckee; oanluckeyder; oanluckeyr
undervalue	coontey beggan jeh; coontey fo'n 'eeuid; leodaghey
underworld	niurin; seihll chyndagh; seihll kyndagh
underwriting	foyialdynys; raanteenys; urraghys marrey
undeserving	gyn freeuid; gyn toilchyn; neufeeu
undesirable	neuchooie; neuyeearreeoil; neuyesh
undestroyed	er mayrn; gyn stroie; neustroit
undeterred	gyn lhiettal; gyn ve currit ass cree; neuchastit
undeviating	jeeragh; kiart; ynrick
undiscerning	meehushtagh; neu-hastagh; neuhushtagh
undisheartened	gyn lhaggaghey creeaght; gyn ve currit ass cree; nagh vel currit ass cree
undisturbed	gyn cur stiagh er; gyn voirey; neuvoirit
undivided	gyn rheynn; gyn scarrey; neurheynnit
undressed	eaddagh currit jeh; garroo; gyn aarlaghey
undulation	tonnaghey; tonnaght; mooireerey
unduly	dy aggairagh; dy neuchooie; dy neuyesh
undying	bragh bio; bragh farraghtyn; sheer-
unencumbered	gyn currym; gyn feeaghyn; neuchumrit
unending	dy bragh farraghtyn; gyn jerrey; neuyerrinagh
unendurable	do-hurranse; neuhurrallagh; neuhurransagh
unenviable	drogh; nagh vel ry hroo; nagh vel saynt ec er
unerring	gyn marran; jeeragh; neushaghrynagh
uneven	meechorrym; neuchiart; neuchorrym
unexcelled	gyn cur baare er; gyn fer share; gyn shareaghey
unexciting	eig; gyn bree; neughreeshagh
unexpectedness	doaltattymid; doaltattymys; neuyerkid
unfamiliarity	anoayllys; joarreeaght; neuainjys
unfashionable	ass fashan; ass y chliaghtey; neufashanagh
unfathomable	gyn grunt; gyn thoyn; neufeiyagh
unfinished	neuchooilleenit; neuchreaghnit; neuchreeaghnoil
unfitness	aggairys; anchooieys; aslaynt
unfledged	glass; gyn clooie; neufedjagagh
unforced	dooghyssagh; gyn egin; neueiginagh
unformed	gyn chiaddey; neuchiaddit; neueabit
unfriendliness	ass-caarjys; neuchaarjoilid; neuchaarjys
unfriendly	anchaarjagh; anchaarjoil; neuchaarjagh
unfurnished	gyn cooid hie; gyn stoo thie; neughreit
ungenerous	neufeoilt; neufeoiltagh; neuhoyrtyssagh
ungentlemanly	drogh-veasagh; drogh-veaysagh; neuooasle
unhallowed	gyn casherickey; meenoo; neucasherick
unharmed	fegooish assee; neughortit; slane
unhesitating	gyn faitys; gyn leaystey; gyn neuhickyrys
unidirectional	un-hrawagh; un-raadagh; un-troagh
unimaginable	do-smooinaghtyn; neusheiltynagh; neusmooinaghtagh
unimpaired	neuleodit; neuvillit; slane
unimpressive	gyn tuarym; moal; neuhuarymagh
uninitiated	gyn ayrn y ghoaill; gyn doltey; gyn lhiggey stiagh
uninspired	dree; gyn greesaghey; gyn vree
uninvited	gyn cuirrey; gyn shirrey; neuchuirrit
unisexed	un-cheint; un-ghooghyssagh; un-ghreasagh
unison	co-yrjey; lesh un choraa; lesh un ghoo
unknot	feayshil; feaysley; neusniem
unlaboured	aashagh; gyn eab; neulabrit
unlace	feayshil; feaysley; foshil
unladen	anlughtit; gyn laad; gyn lught
unlawfulness	anleighaght; anleighalaght; meelowalys
unlearn	cur ass kione; cur ass y chione; jarrood
unleash	feayshil; feaysley; lhig jeh'n yeeal
unlenited	gyn boggaghey; neuchaghlaait; neuvoggit
unlimited	gyn cagliagh; neuchreaghnagh; neugheorit
unlovely	dwoaieagh; eajee; gyn aalid
unmaidenly	meevoidynagh; meevoidynoil; neuvoidynagh
unmanageable	do-reill; do-stiurey; jeh raie
unmanliness	dendeaysid; meeferoilaght; meeyrrynid
unmanly	dendeaysagh; gyn feroilaght; meeferoil
unmannerliness	drogh ellyn; neuellyn; drogh-ellyn
unmask	cur fareddin jeh; roost; roostey
unmatched	cor; correy; gyn sheshey corrym
unmentionable	nagh vel kiart dy ghra; nagh vel yn-ghraa; nagh vel yn-insh
unmethodical	meehaaseagh; meehaaseoil; neuaghtal
unmistakable	baghtal; cronnal; gyn marranys
unmistakably	cronnal; dy baghtal; gyn ourys
unmolested	gyn boirey; gyn cur stiagh er; neuvoirit
unmounted	coshey; gyn claare; neuhoit
unnavigable	clettagh; do-hiaulley; neuhiaullee
unneighbourly	neunabooagh; neunaboonagh; neuvooinjeragh
unnoticed	gyn geill; gyn tastey; gyn vaght
unobliging	meechenjal; neuarryltagh; neuchenjal
unobstructed	foshlit; gyn lhiettalys; gyn lhiettrimys
unobtainable	do-gheddyn; neu-ry-gheddyn; neugheddynagh
unorthodox	meechiart; meechredjuagh; neufollan
unostentatious	gyn shilley voyrn; neuvooaralagh; neustaydoilagh
unpack	folmaghey; folmee; neuphagg
unpaid	gyn eeck; gyn faill; neueeckit
unparliamentary	meechooie; neuardwhaiylagh; neupharlamaidagh
unpeeled	neuroostit; neuscrist; neuspeeint
unperforated	gyn doral; gyn towley; neuhowlit
unpiloted	gyn leeideilagh purtey; gyn stiureyder; neustiurit
unpin	goaill ny freenaghyn ass; gow ny freenaghyn ass; neuchiangle
unplaced	gyn kiartey; gyn oik; gyn post
unpointed	neugheyre; neuvarbagh; neuvirragh
unpolluted	glen; neuhollit; neuvroghe
unpoured	gyn tilgey; neugheayrtit; neuhilgit
unpracticed	gyn cliaghtey; neuchliaghtagh; neuchliaghtit
unprecedented	gyn roie-chosoyley; gyn roie-hampleyr; neusampleyrit
unprejudiced	gyn farvriwnys; gyn roie-vriwnys; neuchleaynt
unprepared	neu-ullee; neuaarloo; neuchiartit
unpreparedness	neu-ullid; neu-ullys; neuaarlooid
unpretentious	fastagh; feeudagh; gyn mooaralys
unproductive	neuhroaragh; neuvessoil; neuvreyagh
unproductiveness	neuhroaraght; neuvessoilid; neuvreyaght
unprompted	gyn faaue; gyn greinnaghey; gyn sonsheraght
unpronounceable	do-ghra; do-ockley magh; do-raa
unpronounced	eddrym; neufocklit; neulajer
unpropitious	neuaigharagh; neufoayragh; neufoayroil
unprotected	gyn coadey; gyn fendeilys; neuchaddit
unprovoked	gyn brasnaghey; gyn cooish; gyn oyr
unpublished	gyn cur magh; gyn soilshaghey magh; neuhoilshit
unpunctual	anmagh; meehraaoil; moal
unpunctuality	anmys; meehraaoilys; mellid
unpurified	gyn aaghlenney; neughlennit; neughlent
unquenched	gyn vooghey; neuchastit; neuvooghit
unquestionable	gyn feysht; gyn keisht; gyn ourys
unread	gyn lhaih; gyn ynsagh; neulhaiht
unreality	conrieugh; conrieughid; conrieught
unreaped	gyn buinn; neuvuint; neuwhuinnit
unrefined	barb; barbagh; gyn aaghlenney
unregenerate	gyn giennaghtyn reesht; neulhiasit; olk
unrelaxing	gyn aash; gyn fea; gyn lhaggaghey
unrelenting	gyn lhaggaghey; neuhrocairagh; neuvaihagh
unreliability	missilid; neuchinjid; neuchurrymid
unrelieved	gyn couyr; gyn feaysley; gyn lhaggaghey
unremunerative	gyn eeck; gyn leagh; neuhoyrtagh
unrequited	gyn leagh; neuchooileenit; neuchorrym
unreserved	gyn shickyraghey; neufreilt; neuhostagh
unresponsive	feayr-chooishagh; marroo; neufreggyragh
unrest	anvea; Labour unrest; boirey
unrestrained	gyn lhiettrimys; neusmaghtit; neustreeanit
unrestrictive	anstreeanagh; neulhiettalagh; neustreeanagh
unretarded	gyn cumrailys; gyn streeaney; neustreeanit
unripeness	anappeeys; neuappeeid; neuappeeys
unroll	cheet ass yn rowley; foshil; fosley
unromantic	gyn druiaghtys; neuashlishagh; neufarskeallagh
unruffled	kiune; neufreaynagh; neuvoirit
unsalted	gyn sollan; neusaillit; neusaillt
unsatisfactory	gyn liooaraght; loghtagh; meehaiagh
unsatisfied	fegooish saieid; gyn ve jeant magh; neuchooileenit
unsay	goaill sheear; goll ergooyl er dty ghialdyn; gow sheear
unscathed	gyn lhott; gyn skielley; slane sauchey
unschooled	gyn scoill; gyn ynsagh; neuynsit
unscientific	neuheansagh; neuoaylleeagh; neuskeeandagh
unscratched	gyn lhott; gyn scrabey; gyn screeb
unscreened	gyn coadey; gyn coodagh; gyn creearey
unscrew	goaill ny scroddyn ass; gow ny scroddyn ass; jee-scrod
unscrupulous	gyn craue beg 'sy chleeau; gyn scrupyl; gyn ynrickys
unseal	jee-heal; jee-healal; neusail
unseasoned	neuchliaghtit; neulhiasit; oor
unsecured	fegooish raane; gyn kiangley; gyn raanteenys
unserviceable	dyn ymmyd; neu veishagh; neuchlaghtagh
unset	gyn eddal; gyn goll dy lhie; gyn taah
unsettle	boir er; boirey er; jannoo corragh seiy
unsettled	brisht; neuhickyr; neureaghit
unsettlement	meereaghys; neuhickyrys; rouailley
unsettling	boiragh; neureaghee; seiyjagh
unshackle	feayshil; feaysley; neugheulaghey
unshackled	feayslit; gyn geulaghyn; gyn geuley
unshakeable	do-chraa; do-heiy; do-leaystey
unshaken	gyn imnea; neuchrieit; neucraait
unshapely	mee-chummit; neustoamagh; neustoamey
unshell	bleaystee; bleaystey; skihl
unship	cur ass lhong; folmaghey; folmee
unshod	gyn braag; gyn crou; cass rooisht
unshorn	neuloamrit; neuvaarit; neuwhuinnit
unshrinkable	do-chraplaghey; do-chribbit; neuchribbagh
unsinkable	do-vaih; do-vaiht; nagh vod ve currit fo ushtey
unslaked	gyn castey; nagh vel jeant magh; neusleickit
unsober	er meshtey; neuheelt; scooyrit
unsociable	neuheshaghtagh; neuheshoil; sthoagh
unsolicited	gyn yeearree; neuenit; neuhirrit
unsolved	neuansoorit; neufeayslit; neureaghit
unsophisticated	jeeragh; neuaghtal; neuchramp
unsound	aslane; foudagh; loau
unsoundness	aslaynt; foudeeid; foudid
unsparing	dy neuspaarailagh; feoiltagh; neuchummyragh
unspecified	gyn enmys; gyn sonreeaght; neuenmyssit
unspiritual	corporagh; dooghyssagh; neuspyrrydoil
unspoiled	gyn milley; neuvabbanit; neuvillit
unstamped	gyn clouag; gyn sthampey; neusthampit
unsteadfast	neuhassooagh; neuhickyr; neuveayn
unsteadiness	anshickyrys; corraghys; neuhassooaght
unstriped	gyn rimmeig; gyn schimmeig; neurimmeigagh
unsubstantial	anchlaghtagh; beg; eddrym
unsuccess	meerah; meespeeideilys; neuspeeideilys
unsuitability	anchooieys; meechooieys; neuyeshid
unsullied	gyn cron; gyn sollaghey; neuhollit
unsureness	anshickyrys; neufondid; neuhickyrys
unswerving	beayn; gyn cleayney; jeelys
unsymmetrical	neuchorrym; neuchrooagh; neuhimmeadragh
unsympathetic	gyn coennaghtyn; neucoennaghtagh; neuerreeishagh
unsystematic	fegooish saase-obbree; neuhaaseagh; neuoardreilagh
untainted	follan; neuhollit; neuvreinnit
untameness	feieid; feieys; neuveeinid
untanned	gyn cartey; gyn ruyghey; neu-ghaahit ec y ghrian
untarnishable	do-villey; doverghaghey; neusmullee
untarnished	gyn cron; gyn mergaghey; gyn smull
untaught	dooghyssagh; meehushtagh; neuynsit
untearable	do-raipey; neuraipagh; neurassagh
untempting	gyn cleayney; gyn miolagh; neuchleaynagh
unthankfulness	meewooise; neuwooise; neuwooiys
unthread	goaill yn snaie ass; gow yn snaie ass; jee-scrod
unthriftiness	anghreas; neuharrooghid; neuharrooghys
untidiness	neughoaiys; neuskeoighid; neuyeadid
untidy	fud-y-cheilley; neuchumir; neughoaiagh
untied	feayslit; neuchianlt; neusniemmit
untilled	bane; gyn traaue; neuhraaueit
untimeliness	antraa; antraaoilid; mee-emshyrys
untiring	gyn lhaggaghey; gyn scuirr; neuhooilleilagh
untold	neuinshit; neuloayrit; neurait
untouched	gyn lhott; neuchreoighit; neuloaghtit
untrained	gyn trainal; gyn ynsaghey; neuchliaghtit
untricky	neuchluigagh; neuchroutagh; neusponnagagh
untried	gyn cooish-leigh; gyn tryal; neuphrowit
untuck	lhig neose; lhiggey neose; neuchryslaghey
untutored	dooghyssagh; gyn scoill; neuynsit
untwist	neucharr; neucharrey; neuchass
unusable	ass ymmyd; do-ymmydey; neuobbree
unused	anoayllagh rish; ass ymmyd; neuchliaghtit rish
unutterable	do-insh; erskyn insh; neufocklagh
unvanquished	gyn cur fo haart; gyn ve fo chosh; gyn vrishey
unvaried	gyn caghlaa; kinjagh; neuchaghlaait
unveil	rooisht; rooishtey; roostey
unverified	gyn feeraghey; gyn shickyraghey; neuhickyrit
unwariness	neuarrey; neuhastid; neuhwoaie
unwarranted	gyn barrantys; neuvarrantit; raane
unwavering	beayn; gyn leaystey; kinjagh
unwearied	gyn skeeys; gyn tooilleil; neuhooillit
unwell	aslayntagh; ching; doghanagh
unwieldiness	lheibeidjid; lheibeidys; meydlid
unwieldly	lheibeidjagh; meydlagh; neuyesh
unwind	neuchass; neuchassey; neuhogher
unwitting	almoragh; anoayllagh; dyn-yss
unwounded	gyn lhott; neulhottit; slane
unwrap	foshil magh; fosley magh; jee hoailley
unwrapped	foslit magh; neufillit; neusoaillit
unwritten	beeal; beill; gyn screeu
unyielding	do-scughey; reen; sthurneishagh
unyieldingness	antoyrtys; reenid; sthurneishys
unyoke	goaill ass y whing; gow ass y whing; scuirr jeh'n obbyr
neuyeean	heose; But Jerusalem which is above is free#; ee seyr
upheaval	anvea; ardjaghey; boiraneys
upland	cruink; reaisht; reeast
uplift	ardjaghey; ardjee; crogh
upload	laad neese; seose-laad; laadey neese
upside-down	bun ry baare; bun ry skyn; cheu heose sheese
upstream	heose er yn awin; noi'n stroo; noi'n troa
up-stream	noi'n stroo; noi'n troa; seose yn awin
upstroke	bwoalley neese; linney neese; seiy
uptight	boirit; corree; imneagh
up-to-date	co-emshiraght; heose rish; noa-emshiragh
upturned	beeal foee; bun ry skyn; kione-my-lhei
urbane	baljagh; beasagh; caayragh
urbanize	baljaghey; baljee; caayraghey
ureter	ammyr vooinney; ureidarm; urreyderm
uric	moonagh; uragh; urragh
urinal	boayl mooiney; feaylagh; thie mooin
urinary	feaylagh; mooinagh; mooiney
urinate	jannoo mooin; mooiney; mooney
usage	cliaghtey; oallys; oayllaght
uselessness	neuymmydaght; neufeeuid; neufoays
usher	dorryser; guilley; leeideilagh soiag
utensil	greie; jeshaght; saagh
utilitarian	lhome-ymmydoil; lhome-ymmydoilagh; vondeishagh
utilitarianism	lhome-ymmydoilys; vondeishaght; vondeishaghys
utility	foaynoo; It is of great utility; foays
uvular	bentyn rish keeagh yiuag; bentyn rish y chengey veg; scoarnagh
vaccinate	giarrey son y vreck-ollee; jannoo booaghey; vacseenaghey
vaccination	booagheyr; giarey son y vreck-ollee; vacseenaghey
vaccinator	booagheyr; giarreyder; vacseeneyder
vacillating	eddyr daa choyrle; leaystey; lunjeanagh
vagueness	feaynid; feaynys; neuchronnalys
vainness	fardailys; fardail; stroinneeishaght
valet	guilley shamyr; sharvaant; jannoo guilleydys shamyr
valid	breeoil; fondagh; shickyr
validity	bree; fondid; fort
valuableness	feeuoilid; leagharaght; leaghaght
valuer	feeagheyder; feeuider; prioseyr
vandal	cragheyder; jeeylleyder; vandal
vanquished	currit fo haart; currit haart; fo chosh
variable	ceaghlagh; neuchinjagh; red caghlaaee
variant	anchasley; ceaghlee; maylart
variegated	breck; rimmeigit; schimmeigagh
variegation	breckey; schimmeigys; ym-daahys
variometer	niartveih; towsheyder magnaidys; towsheyder troggal
varnish	cur lossanagh er; cur varnish er; shaghney
vase	corn; saagh; saagh-blaa
vasectomy	giarrey cuishley-sheel; giarrey feddan; sheel-yiarrey
vassal	bondagh; jiulean; sharvaant
vault	cur aae er; lheim laue; lheimyragh
vegetative	aasoil; glasseragh; losseragh
vehemence	chennoilid; chennoilys; elgys
vehicular	caaragh; caayragh; carbydagh
vendible	creckagh; margeeagh; so-creck
venery	comyssey; shelg; shelgeyrys
vengeful	buillagh; drogh-chooilleenagh; jymmoosagh
venison	feeaihys; feieys; feill feeaih
venomousness	gangaid; guintaght; nieu
veraciousness	firrinys; feerid; firriney
veracity	feerid; firriney; firrinys
verdant	anulloo; faiyragh; geayney
verify	feeraghey; feerey; firrinaghey
verisimilitude	cosoylaght firrinys; cosoylaght ny firriney; cummey firrinys
vernacular	chengey ghooghyssagh; chengey ghooie; dooghyssagh
versatile	caghlee; lauee; so-hyndaa
versatility	aghtallys; caghlaaeeys; laueeys
versification	arraneys; ronneeaght; ronniaght
versify	cum ronneeaght; cummey ronneeaght; cur ayns rane
vertical	eayninagh; jeeragh seose; pontreilagh
vertigo	chingys cassee; eddrymid king; thollaneys
vet	fer lhee baagh; lhee baagh; scrutaghey
veto	crossey; cur crossey er; lhiettal
vetoed	crost; lhiettalit; lhiettit
vicarage	saggyrtys; thie agglish; thie yn taggyrt
viciousness	elgys; goanlys; keoieid
vicissitude	car; carr; corraghid
victimization	ansmaght; cass er bolg; lhiettrimys
victimize	cur ansmaght er; kerraghey; kerree dy meechairyssagh
victor	barriaghtagh; barrialtagh; fer ny barriaght
vigilance	arrey; kiarail; tastey
vigorous	breeagh; breeoil; rootagh
vigour	bree; creeoilid; creeoilys
vindictive	elgyssagh; goanlyssagh; myskidagh
vindictiveness	elgys; goanlys; myskid
vinegarish	feeyn-gheayragh; gollrish feeyn geayr; gort
vinegary	feeyn-gheayragh; gollrish feeyn geayr; gort
vinous	feeyney; meshtal; meshtoil
virago	ben voiragh; far-ven; farvraane
virtuosity	laueeys; schlei; ulleeys
virtuoso	ben ullee; fer lauee; fer ullee
virulence	gallverg; myskid; nieunaght
-vis	bentyn da; bentyn rish; oaie ry hoaie rish
visionary	ashleyder; ashlinagh; ashlishagh
vista	reayrt enneeyn; reayrtys; roa
visually	dy fakinagh; lesh y tooill; liorish shilley
vitriolic	nieunagh; sharroo; traartagh
vivacious	annymoil; bioal; bioyr
vixen	gaddee dy ven; shynnagh bwoirrin; shynnagh bwoirryn
viz	er ennym; she shen; ta shen dy ghra
vocalic	breeocklagh; coraagh; gooagh
vocalization	breeocklys; fockley; loayrtys
vocalize	breeockley; coraaghey; fockley
vociferous	ard-choraagh; boiragh; feiyral
voiceless	gyn coraa; neughlaragh; neughooagh
volatile	aeroil; bioyr; caghlaaee
volatility	aeroilaght; aeroilid; caghlaays
voluble	focklagh; jesh-focklagh; pleatagh
volunteer	arryltagh; cur dy arryltagh; jannoo dy arryltagh
voraciousness	jiooghid; jollys; jollysid
voyeur	jeeagheyder; jollys-skeet; keekeyder
vulgarisation	injillaghey; cadjinaghey; jannoo neuellynagh
vulgarise	cadjinaghey; injillaghey; jannoo cadjin
vulgarism	caaynt chadjin; loayrtys garroo; neuellyn
vulgarize	cadjinaghey; injillaghey; jannoo cadjin
waddle	leaystey; shooyl gollrish thunnag; shooyl leaystey
waddling	leaystagh; sprangagh; leaystey
wakefulness	dooishtaght; dooishtid; dooishtys
wallflower	blaa boalley; blaa Feill' Eoin; Here's a fine wallflower!
waltz	kiaull valse; valse; valsal
wand	slat; slatt; slat-obbee
wane	brishey; goll ass; He is on the wane
waning	baarnaghey; goll ass; goll ersooyl
wanness	drogh-neeal; glassid; treihid
warder	fer ogher; wardoor; arreyder
wardship	coadanys; dolteynys; oaseirys
warehousing	cur ayns stoyr; stoyral; stoyral fo bond
warranted	barrantit; fo barrantys; pohlldit
washable	so-nieet; yn-nieet; yn-oonlit
washings	ooanlaghyn; Which stood only in meats and drinks, and divers washingsA; Bible
wash-pot	saagh-nieeaghyn; Moab is my washpot; Bible
washtub	tubbag niaghyn; tubbyr niaghan; tubbyr niaghyn
wasp	connspeagh; poogh; shellan cabbyl
wastage	brock; fooillagh; jummalys
wasteful	jeeillagh; jeyllagh; jummalys
wastefulness	jummal; jummalys; jummallys
wasteland	garee; reeast; reeastane
wastrel	ard-stroailtagh; jummalys; jummallys
watchfulness	arreydys; arreyderys; tastid
waterproof	jannoo jeen; jeen; jeen noi ushtey
waterway	bollagh ushtey; coorse ushtey; jeeig
waviness	tonnaght; tonney; tonnid
premmee	shin; We were not there; We'll carry that ourselves
maydjyn	neemayd; we shall catch them alive; Bible
weakening	annoonagh; gannoonaghey; keylaghey
weak-minded	lag-hushtagh; lag-inchynagh; mettey
weal	buinney; rimmeig; rimmeigey
weediness	farchailys; sarkylid; thannid
weedy	brouteragh; farchaillagh; feiosagh
well-meant	jeih-chreeagh; mie-chreeagh; oney
well-to-do	berchagh; lught yn argid; palchagh
wester	goll lesh y neear; goll seose; goll sheear
wether	mohlt; mohltin; molt
whaleboat	baatey meeyl mooar; baatey muc marrey; shelgyr meeyl mooar
whaler	baatey meeyl mooar; baatey muc marrey; shelgeyr meeyl mooar
whetstone	clagh foyr; clagh shleeuee; striggyl
whimbrel	crottag houree; crottag veg; eean Voaldyn
whin	aittin; conney frangagh; conney mooar
whine	caayn; caayney; craue
whoop	gerrym; hiu; truh
whopper	breag lhiassit; fer mooar; lhaiee vreag
whoreson	mac oainjer; mac oainjeragh; mac streebee
wilfulness	noi-freihys; raghtanid; toilloilaght
willowy	goll rish shellagh; keyl; lhoobagh
windiness	geayaght; geayeeid; bruightoilys
windlass	croan togherys; dooinney yiarn; wynlass
windscreen	brishey geay; faal geay; glenney gheay
wire	cur ayns streng-skeeal; cur streng rish; kiangley lesh streng
wires	strengyn; Telephone wires; wieryn
wireworm	beishteig chreoi; cuttag; sorrane
wistful	mianagh; yeearreeagh; imneagh
withdrawal	cooyllaghey; goaill magh; goll ergooyl
wittingly	dy tastagh; guiding his hands wittingly; Bible
wobble	lunjean; craayn; lunjeanagh
womanish	benoil; caillinagh; bwoirrynagh
wooded	biljagh; billagh; keylljagh
woodruff	lus vollagh; lus y scoarnee; lus y vohlt
woody	billagh; fuyghagh; fuyghoil
wooer	dooinney sooree; fer sooree; lhiannan
woolliness	loamraght; meechruinnys; ollanaght
wordy	focklagh; gooagh; liauyr
workmanlike	aghtal; keirdoil; schleioil
worldliness	seihlltaght; seihlltid; seihltys
wormy	beishteigagh; crooagagh; dianeagh
wounding	guinney; lhottagh; lhottee
wrangler	chengleyr; jengleyr; jingleyr
wrangling	chenleyrys; jengleyragh; jengleyrys
wreathe	coodaghey cruinn; cur slongan er; fainey
wretchedness	donnanys; dreihys; kercheenys
wry	cam; cast; gammagh
yardman	guilley stabyl; obbree close; obbree stoyr
yards	stundayrtyn; Five yards away from us; slattyn
yawning	jannoo mennuigh; jannoo mennuighid; jannoo mennuighys
yellowhammer	jallyn buigh; ushag wee; ushag wuigh
yellowish	lesh y wuigh; lheeah-wuigh; lieh-wuigh
yeomanry	eirrinee; eirinnee; kernyn
zany	blebbin; fer-aitt; fo-vonkan
zealot	fer baanrit; fer jeean; fer-yeean
zebra	assyl Injinagh schimmeigagh; assyl schimmeigagh; sheabrey
zephyr	eear-gheay; geay neear; geay veeley
zip	bee bio; fed; tayrnag
zone	cryss; Smokeless zone; cryss-voidyn
zoom	geyre-ardjaghey; sevreain; sevreainey
aa-	re-; Coraa; ex-
aa-aase	regrow; second growth; second crop
aa-armal	rearm; rearmament; recommission
aacheoid	rheumatism; Ta'n aacheoid jannoo orrym.; disease
aacherraghey	repunish; recriminate; repair
aachiangley	refasten; rejoin; reunite
aachionnaghey	redeem; redemption; repurchase
aachionnit	rebought; redeemed; repurchased
aachloie	afterplay; re enact; replay
aachoardail	reconcile; reunite; reconciliation
aachooinaghtyn	recall; recalling; remember
aachorrey	second breed; second draught of nets; second sower
aachreeaghey	hearten; heartening; revive
aachroo	recreate; reform; restoration
aachuirr	re-afforestation; recultivate; replant
aachuirrey	resow; second sowing; second shooting of nets
aachummit	deformed; reconstituted; reformed
aa-eaysley	redeem; redemption; release
aagherrid	abbreviation; brief abstract; epitome
aagherrit	crossway; abbreviated; Chamoo lhisagh oo v'er hassoo 'syn aa-gherrit
aagherrym	encore; recall; recalling
aaghiennaghtyn	regenerate; Dhoor; regeneration
aaghlenney	purification; Aaghlenney ny Moidyn Moirrey.; refine
aaghlenneyder	purist; refiner; refinery
aaghoaill	recapture; reconquer; re-engage
aaghooney	lockout; reclose; reclosure
aaghtee	lodger; dy beagh aym 'syn aasagh boayl-aaghtee myr t'ec troailtee; Bible
aahayrn	redraw; reproduce; reproduction
aaheiy	re-elect; re-election; reshuffle
aahley	fishery; fishing ground; marine habitat
aahoiaghey	reset; resettle; resettlement
aahoilshaghey	reflect; reflecting; reflection
aahoshiaghey	recommence; restart; resumption
aahroggal	rebuild; resurrect; neem's aa-hroggal ny ynnydyn eck ta er n
aailagh	brood; covey; litter
aa-insh	hand on; iterate; iteration
aal	nest; sitting of eggs; Aal y chur fo kiark.
aalaanaghey	convalesce; convalescence; convalescent
aalagh	farrow; hatch; Myr ta'n urley gynsaghey yn aalagh eck dy etlagh
aalhaih	perusal; peruse; read over
aa-lheeiney	replenish; jean-jee yn seihll y aa-lheeiney.; Bible
aalhiasaghey	amend; recultivate; reparation
aalhieeney	reflow; reinflate; reinflation
aalhieent	refilled; reflown; replenished
aalican	fine weather; great calm; halcyon
aalieh	milt; aalin; Ir.
aalistal	re-engagement; re-enlist; re-enlistment
aaloayrtys	recital; recitation; repetition
aamaid	timber; timbered; wood
aaneagh	hepatic; liver; liverish
aaniartaghey	boost; reaffirm; reaffirmation
aanoaghey	rejuvenate; renew; renovate
aaraa	chorus; iteration; quotation
aaraagh	iterative; quotable; reiterative
aaragh	present; Gyn mish ve aaragh.; renal
aaraghyn	directions; reins; t'eh scoltey my aaraghyn veih-my-cheilley
aare	near; va aggle orroo dy heet ny aare; Bible
aareaghey	re-arrange; rearrangement; re-edit
aareggyrt	back answer; re-echo; rejoinder
aareih	readopt; readoption; rechoose
aarheynn	redistribute; redistribution; repartition
aarkey-sailjey	salt sea; As va; n chagliagh shiar-ass oc veih oirr yn aarkey-sailjey, veih
aarlagh	preparation; preparatory; er, dy ve beg soit jeh.
aarlooid	preparation; preparedness; readiness
aascreeu	copy; rewrite; transcribe
aascreeuder	copier; copyist; transcriber
aascreeut	rewritten; Shennaghys Aa-Screeut.; Carn
aascrutaghey	re-examination; re-examine; aase
aashag	couch; seat; sofa
aashaght	easiness; quietness; simplicity
sta	cultured; grown; well-grown
aavooadaghey	increase; magnify; redouble
aavriwnys	reconsideration; review; revision
aavuilley	cannon; counterblow; reaction
aawoalley	backlash; kickback; react
aayannoo	reconstitute; reconstruction; repetition
aayesheenaghey	redecorate; redecoration; refurnish
abbaneyn	ankles; n ushtey gys nyn abbaneyn; Bible
abb-voir	mother abbess; abbyr; Ir. abair
abbyrt	dialect; expression; phrase
abbyrtagh	dialectal; idiomatic; idiomatical
aber	pasturage; pasture; range
ablid	ability; adroitness; capacity
absynt	absinth; abyl; Ir.
acadoil	academic; Ayns eaddagh acadoil.; accan
accanagh	complaining; fretful; grumbling
accryssyd	hunger; dy chur naardey yn slane cheshaght shoh lesh accryssyd.; Bible
achlishyn	armholes; ny frytlaggyn loau shoh fo dty achlishyn; Bible
adhene	themselves; dyllee ad dy ard, as yiare ad adhene, lurg nyn gliaghtey; Bible
adultrinagh	adulterer; adulterous; nee ben adultrinagh shelg son y vioys mooar-leagh.
aeraght	airiness; atmosphere; Heose 'syn aeraght.
aeroil	airy; jaunty; volatile
agateyn	agates; As neem; s ny uinniagyn ayd
aggad	deep cut; nick; notch
aggagh	indented; jagged; milled
agglaghys	intimidation; aggle; Ir. eagla
aggleydagh	cowardly; timid; timorous
aggyrt	claim; demand; expostulate
aggyrtagh	claimant; claiming; demanding
aghtallys	cleverness; ingeniousness; proficiency
aghtey	act; behave; conduct
aghys	ism; Agneash; Scand
ahjioogh	gullet; trachea; windpipe
aighar	lucky; success; Va shiu feer aighar.
aighoil	fortunate; lucky; Er lesh dy vel eh aighoil.
ailagh	fiery; hoilshee eh hene ayns y thammag ailagh; Bible
ailey	of fire; as e oghsan lesh lossaghyn ailey.; Bible
aireydagh	ministerial; airh; L. aurum
airhoil	auriferous; aurous; looking like gold
airnag	damson fruit; sloe; blackthorn
aittys	amusement; comicality; fun
aker	anchor; Yn treishteil shen t'ain myr aker ny hanmey; Bible
altan	gully; mountain burn; streamlet
altaryn	altars; ad coyrt ooashley; Bible
ambee	character; reputation; Ta drogh ambee echey.
amm	age; epoch; period
ammysit	esteemed; worshipped; ammyssagh
ammyssit	regarded; respected; My charrey ammyssit.
amneenyn	souls; Bible; Amnis de Russyn
anaashagh	anxious; disquiet; disturbed
anagh	fen; marsh; swamp
anappee	abortive; immature; unripe
anappeeys	abortiveness; immaturity; unripeness
anchasherick	impious; profane; unholy
anchasherickys	impiety; profanation; profanity
anchasley	dissimilar; distinctive; diverse
anchaslyssagh	differential; sundry; formless
ancheirdagh	amateur; amateurish; Carn
anchiart	incorrect; unequal; T'eh anchiart da'n obbyr.
anchiartys	incorrectness; inequality; injustice
anchliaghtey	inexperience; infrequency; strangeness
anchoodaghey	develop; disclose; expose
anchooie	improper; unfit; unmeet
anchooieys	indecency; unfitness; unsuitability
anchorragh	fixed; immovable; stable
anchredjallagh	incredible; incredulous; unfaithful
anchredjuagh	incredulous; incredible; Cre'n-fa veagh eh smooinit red anchredjuagh lieriuish
anchreeney	impolitic; imprudent; unwise
anchreesteenyn	antichrists; dy jarroo nish ta ymmodee anchreesteenyn ayn; Bible
angaaishagh	agonizing; anguishing; person in pain
angaishagh	agonising; ta my lhott angaishagh; Bible
anghooagh	discreditable; disgraceful; infamous
anheeltys	inebriety; insobriety; intemperance
anheiltagh	crippling; decrepit; helpless
anheiltys	decrepitude; disability; helplessness
anhickyr	inconstant; indeterminate; uncertain
anhickyrys	indetermination; looseness; suspense
anjeeagh	atheistic; atheistical; godless
anlaadey	unburden; unburdening; unload
anleigh	anomaly; injustice; legal injury
anleighagh	anomalous; contrary to law; partial
anleighalagh	disloyal; illegal; illicit
anleighalaght	disloyalty; illegality; unlawfulness
anlheiltys	disablement; imbecility; incapacity
anlughtit	unladen; unloaded; anlyi
anmys	lateness; She boayl faasagh shoh, as te nish lesh yn anmys; Bible
annooinaghey	debilitate; enfeeble; enfeeblement
annyleen	aniline; annym; L. anima
annymoil	animated; boisterous; spirited
annymoilid	boisterousness; liveliness; spirit
anoayllagh	ignorant; infrequent; raw
anoayllys	ignorance; inexperience; unfamiliarity
anooasle	baseborn; humble; ignoble
anreiltagh	abnormal; anarchic; anarchical
anreiltys	abnormality; abnormity; anomaly
anshee	discord; disturbance; inquietude
ansherbee	anyhow; anyrate; anyway
anshickyr	insecure; loose; unstable
anshickyrys	insecurity; unsteadiness; unsureness
ansmaght	indiscipline; slackness; victimization
antraie	inland; interior; interior of country
anveaghey	annoy; discompose; disturb
anveaghit	annoyed; disturbed; perplexed
anveays	disturbance; factiousness; restlessness
anverchagh	impecunious; needy; poor person
anvio	dead; defunct; extinct
anvroie	pot liquor; soup; yn eill hug eh ayns baskad, as yn anvroie ayns pot
appaghey	maturate; maturation; maturing
appeeid	maturity; readiness; ripeness
appeeys	maturity; readiness; ripeness
apronyn	aprons; wimples; Ny caghlaaghyn coamrey, as ny cloagaghyn, as ny apronyn
apyrn	apron; Cha nel apyrn erbee er ve aym.; JJK
arbyllagh	caudal; tailed; taillike
ardan	platform; stage; stand
ardane	podium; dias; rostrum
ard-cheim	dignity; elevation; eminence
ard-cheimnagh	dignified; highborn; pre-eminent
ard-chiamble	cathedral; Ta shin baghey noi yn ardchiamble; JJK
ard-chione	head; principal; superior
ard-chioneys	dominion; High Command; superiority
ard-choraagh	alto; loud-voiced; vociferous
ard-choyrle	cabinet; High Council; praesidium
ard-chruinnaght	chief council; Carn; galaxy
ard-chummaghtagh	absolute; paramount; ard-chussey
ard-eailley	celebration; chief festival; festival
ard-ennym	eminence; fame; renown
ard-ennymagh	eminent; famed; highbrow
ard-eunys	ecstasy; bliss; Bible
ardey	high; cha row ny ynnydyn ardey er nyn scughey; Bible
ard-ghoo	fame; illustriousness; renown
ardjee	uplift; Ardjee yn tidey y baatey.; lift
ardjeyder	lift; lifter; Cur y gleashtan er yn ardjeyder.
ard-laa	festival; Bible; heyday
ard-linney	headline; main; trunk
ard-loghtynys	trespass; ta'n cheer jannoo peccah m'o; liorish ard-loghtynys
ard-oaseiryn	chief officers; syn obbyr; Bible
ard-oik	headquarters; high office; Bible
ard-phersoon	personage; fountainhead; Dy gholl gys yn ard-phersoon.
ard-ree	emperor; monarch; sovereign
ard-reeoil	imperial; monarchal; sovereign
ard-saggyrtagh	hierarchic; hierarchical; pontifical
ard-vainshtyr	headmaster; master; O Velteshazzar, ard-vainshtyr ny deiney creeney
ardvaljagh	citizen; Cha ren rieau ardvaljagh ourallyn ny smoo son e heer.; JJK
ard-vargey	mart; emporium; supermarket
ard-vaynrys	bliss; great glory; Bible
ard-veenid	civility; civilization; Carn
ard-veoir	chief steward; Lord Mayor; Carn
ard-vollaghtagh	blasphemous; execrable; maledictory
ard-vooaralagh	imperious; ta bunnys dy chooilley nhee jeant er aght ard-vooaralagh.; Carn
ard-voyrn	pomp; pride; She ard-voyrn y lught thie v'eh.
ard-voyrnagh	gallant; gaudy; grandiose
ard-vriw	chief justice; supreme judge; hug y ree ansoor gys Rehum yn ard-vriw
ard-wannalagh	haughty; stubborn; stuck up
ard-whuaiyl	council; Bible; Ard Woaillagh
ard-yindys	amazement; astonishment; consternation
ard-ynnyd	high place; As tra va; n chirveish shoh harrish, hie eh gys yn ard-ynnyd
ard-ynnydyn	high places; Agh cha row ny ard-ynnydyn er nyn goyrt sheese; Bible
ard-ynseyder	authority; head teacher; Sue Moore, Ard-ynseyder Scoill Ard Phurt ny h-Inshey as y
ardys	exaltation; greatness; height
arey	headrace; mill race; race
arganeagh	arguer; argumentative; contentious
arganeyder	arguer; debater; pleader
arganeys	argumentation; disputation; Yn thoyn y woalley ass arganeys.
argidagh	fiscal; moneyed; Carn
argidoil	argentine; financial; monetary
arkagh	in pig; teeming; Ta'n chenn vuc arkagh.
armal	arm; armour; commission
armee	army; tra honnick Saul armee ny Philistinee huitt aggle er; Bible
armeyder	armourer; herald; squire
armit	armoured; armed; shey cheead deiney-caggee armit.
armyder	armour-bearer; Eisht dooyrt Saul rish e armyder, Tayrn dty chliwe; Bible
armyn	arms; weaponry; Ta'n Chiarn er vosley thie e armyn
arr	offer; Ny arr veg er.; JJK
arrag	fledged chicken; young hen; Arragh
arraght	apparition; spectre; Dy shickyr ta Jee aynyd's, as cha vel fer arraght
arraghyn	sluices; ooilley ny ta jannoo arraghyn as loghanyn son eeast.; Bible
arraghys	manoeuvre; variation of wind; variety
arraneagh	musical; singer; tuneful
arraneyder	singer; vocalist; warbler
arraneys	singing; Dhoor; versification
arree	Spring; spring; vernal
arreydagh	alert; attentive; cautious
arreyderyn	keepers; Ta ny arreyderyn echey doal; Bible
arreydys	alertness; attentiveness; cautiousness
arrishagh	copycat; imitation; imitative
arrit	offered; proffered; Cha row rieau cooid arrit mie.
arryltee	volunteers; Ta arryltee breeoil gobbraghey ayns ny thieyn-coyrle shoh; Carn
arryltid	agreeableness; alacrity; readiness
arym	figwort; Ir. agus; O.Ir. ocus
ashlaghey	reveal; appear in a vision; myr te nish er ny ashlaghey da e ostyllyn casherick
ashleyder	daydreamer; dreamer; revealer
ashlinagh	phantasmagoric; romantic; visionary
ashlins	apparition; ghost; phantasm
ashlishagh	apocalyptic; dreamy; visionary
nta	Gentile; national; Carn
ashoonaghey	nationalization; nationalize; carn
ashoonaghit	nationalized; ashoonaght; Ir. n
ashoonaghys	nationalism; Ashoonaghys Albinagh as yn Reihys Goaldagh; Carn
ashoon-cuirreyder	host nation; ashoonee; Phill. atiunyn, atiuni,
thni	nationals; nations; Nee
ashooneyragh	nationalist; nationalistic; Carn
ashooneyryn	nationalists; Carn; ashoonyn
askaid	ulcer; boil; vasculum
aslane	ill; indisposed; unsound
asnagh	costal; gilled; laid
asney	fin; nerve; rib
asparag	asparagus; aspick; Ir. easbuig; lat. episcopus&
assag	pert girl; pert woman; stoat
assagagh	ferretlike; pert; saucy
assagys	pertness; sauce; sauciness
asschaarjys	antagonism; estrangement; hostility
assdiu	out of you; nee'm coardail riu, dy der-ym assdiu ooilley yn tooill yesh; Bible
assey	easier; Te ny s; aasagh [= s
asslaynt	disease; disorder; illness
asslayntagh	bad health; diseased; infirm
asstayrn	case for rush candles; extract; pull-out
assylagh	asinine; muleteer; mulish
ass-ym	out of me; son ta mee gennaghtyn dy vel bree er n; gholl ass-ym
ass-yn	out of him; out of it; Bible
astyral	abolish; eradicate; Va rheynn y Chiarn-Shansyleyr er ny h-astyral.
atchimit	aghast; awestricken; lhig dauesyn ve atchimit, agh ny lhig dooys ve atchimit
atnee	will hedge; cur-my-ner, atnee-ym seose dty raad lesh drineyn; Bible
attit	bulging; distended; enlarged
aundyragh	prize; prize winner; Tarroo aundyragh Prize bull.
aunlyn	condiment; relish; sauce
awane	foul; immodest; obscene
awaneagh	blockhead; coxscomb; moron
awanid	foulness; immodesty; obscenity
awid	crudeness; rawness; rareness
awinagh	fluvial; river dweller; abounding in rivers
awiney	of a river; Dhoor; freshwater
awnse	ounce; Cur huggey un awnse dy eeym as milljee eh lesh shugyr.; Dhoor
ayndagh	concerned; involved; Adsyn ayndagh.
ayndooin	in us; Agh cha jinnagh shen marroo y jouyl shen t'ayndooin.; Carn
aynshoh	here; Vel ad yeedyn blass Vannin choud's t'ad aynshoh? Cha nel.; Carn
ayraght	fatherhood; paternity; ayraghyn
ayrniagh	partaker; partner; shareholder
baaieagh	byre; cattle house; cowhouse
baaishagh	frontal; imprudent; temporal
baanrid	craziness; frenzy; madness
baanrit	demented; disordered; distracted
baanrys	dementia; derangement; fanaticism
baardaghey	prevail; prevailing; baare
baarelagh	refuse of grain; top; topping
baarey	bare; clip; cut
baareyder	barber; barer; cutter
baarn	bonnet; breach; broach
baarnagh	limpet; scrappy; T'eh greimmey gollrish baarnagh.
baarnaghyn	interstices; baarney; Ir. bearna
baasoilid	deadliness; mortality; baatey
bab	babe; earlobe; lobe
babban	babe; baby; doll
babbanagh	lobed; puppet; tassellated
babbaney	fondle; indulgence; pamper
bac	balk; disability; disqualification
baccid	impediment; lameness; limp
baggyrtagh	aggressive; imminent; intimidating
baggyrtys	aggressiveness; bluff; menace
baghee	of life; Yn aght baghee ain.; baghey
baghtagh	observable; observant; perceivable
baghteyr	criticizer; reviewer; surveyor
baghteyrys	criticism; critique; review
baghyl	bishop's crozier; tennis racket; racquet
bai	bias; bye; partiality
baic	jerk; twist; bawl
baighey	drown; invest; elide
baighey-argid	investment; baih; Ir. b
baill	luck; prosperity; tone
bainnagh	lactic; milk producing; milky
bainnaght	milkiness; bainney; Ir. bainne
baljagh	civic; municipal; townsman
baljyn-cheerey	villages; lhig dooin aaght y ghoaill ayns ny baljyn-cheerey; Bible
ballaghey	housing of crop; ingathering; ballaghyn
ballay	ballet; balley; Ir. baile
ballister	banister; balloo; Ir. balbh
banee	albino; pale; white
baneid	blankness; lightness; paleness
banejagh	fallow; lea; new ground
bangan	bough; cutting; leg of contest
bangannyn	boughs; hie; n mule fo bangannyn choo billey mooar darragh
banglanaghey	branch; branching; banglane
banglaneagh	branched; branchy; connected
banjagh	fallow; grassland; lea
bannag	ballad; grilse; bannaghey
bannaghtagh	benedictory; blessing; greeter
barbagh	rough; rough-mannered; rude
barbaght	harshness; pointedness; rudeness
barbaragh	cruel; ruthless; uncivilized
barbaraght	barbarity; cruelty; inhumanity
bardagh	bard; poet; Son shickyrys, ta'n bardagh R.S. Thomas ayns foayr jeu.
bardoonagh	bardic; elegiac; bard
bardoonys	tragical poetry; heroic poem; poetry
bardys	poetry; Carn; bare
barganeagh	bargainer; bargaining; negotiant
bargane-kionnee	purchase; Myr shoh ghow mee yn bargane-kionnee; Bible
barganeyder	bargainer; negotiator; chaffer
barnagh	flitter; limpet; discontinuous
barnaghey	breach; breakthrough; broach
barrag	cream; Cha nel shiu er chur barrag dy-liooar er my smeggyl.; froth
barragagh	creamy; foaming; lathery
barrantoil	authentic; reliable; reliant
barrant-shirree	search warrant; barrantys; Ir. bar
ntas	commission; commitment; dependability
barree	tows; of tows; myr snaie-barree ec yn aile
barrellyn	barrels; Lhieen-jee kiare barrellyn lesh ushtey; Bible
barriaghtagh	conquering; triumphant; victorious
barrialtagh	triumphant; victor; victorious
barroose	bus; char-a-banc; omnibus
barrooseyn	coaches; buses; Carn
barryn	bars; As nee oo barryn dy fuygh-shittim; Bible
basketyn	baskets; va three basketyn baney er my chione; Bible
bassey	applause; clap; clapping
basslagh	double handful; enough to cover palm; palmful
battyr	batter; bevel; taper
bayleeys	bailiwick; bayr; Ir. b
thar	avenue; drive; lane
bayrnyn-coadee	protective helmets; helmets; Bayr ny n'Eayn
beadyn	beads; Ny chainyn sollys, as beadyn ny roihaghyn, as ny breidyn; Bible
beamyn	beams; son nagh beagh ny beamyn soit ayns voallaghyn y thie; Bible
bea-oaylleeagh	biological; bea-oaylleeaght; Ir. bitheola
beasaghey	civilise; civilize; submit
beasaght	civility; decorum; morality
beayfyn	toads; Beayfyn ayns towl.; beayn
beaynaghey	continuation; continue; fix
beayney	of a reaper; reaper; ta dty hraa beayney er jeet
beayneyder	fixer; prolonger; stabilizer
beayn-hassooagh	durable; imperishable; perseverant
beayn-hassooaght	endurance; perseverance; stability
beays	being; existence; beayn myr yn trilleen farrarey reddyn erskyn beays.
beeaghey	alimentation; feed; maintain
beeaghit	cherished; beeal; Ir. b
beealag	microphone; mouthpiece; embouchure
beealagh	bit; imprudent; thick-lipped
beeal-chrauee	canting; hypocritical; lip-religious
beealeragh	blabber; prattle; Apoc
beealerey	babbler; blabber; squabbler
beealeyrey	prattler; babbler; scold
beealleragh	loud; T'ee beealleragh as meereiltagh; Bible
beeallerey	babbler; Ta ben ommijagh ny beeallerey; Bible
beealloo	before; hug ee eh er beealloo Saul as e harvaantyn; Bible
beeataig	hussy; ill-natured woman; jade
beeataigagh	ill-natured; jadish; pert
beeill	mouths; Ny beeill oc sheign y yeigh; Bible
beeit	fatted; fed; foddered
bee'ms	I will be; s'treisht lhiam dy bee'ms er-ash aynshen dy gerrid.; Carn
beeyt	fatted; beg; Ir. beag
beg-chummaghtagh	low-powered; beggan; Ir. beag
begganid	littleness; slightness; smallness
beggid	diminutive; diminutiveness; littleness
begnagh	almost; nearly; well-nigh
behrt	born; calved; foaled
beihll	bray; grind; pulverize
beihlt	milled; pulverized; Bible
bein	afterbirth; beinn; Ir. beinn and bin
beisagh	violoncellist; beisht; biasd or beisd; lat. besfia
ast	beast; monster; honnick mee beisht troggal ass yn aarkey
beishtaght	beastliness; bestiality; brutishness
beishteigagh	insectlike; reptilian; wormlike
beishteigyn-nieunagh	hornets; ver-yms ny beishteigyn-nieunagh royd; Bible
beiyhaghey	feeding; As tammylt voue va beiyhaghey griagh mooar dy vuckyn.; Bible
benainshteyr	madam; mistress; landlady
benoil	effeminate; ladylike; wifely
benoilaght	reserve; modesty; womanhood
ben-thie	dame; ben treoghe; Ir. baintreach
bentynagh	meddlesome; pertinent; tactile
berchid	opulence; richness; wealth
beril	beryl; As ayns y chiarroo choorse, beril, onyx, as jasper; Berk
berrishyn	berries; son ta ny berrishyn meiygh cheet magh er ny biljyn-feeyney; Bible
bhielleyderyn	grinders; as nee ny bhielleyderyn scuirr, er-yn-oyr dy vel ad beggan; Bible
bhir	spits; CnyO; bhow
bhuttoor	apron; buttress; bial
biddee	bird's foot; bieau; Ir. beo
bieauid	pace; promptness; rapidity
biggin	meg; pet; spoiled child
biljagh	arboreal; wooded; biljyn
biljyn-darragh	oaks; Jeh biljyn-darragh Vashan t'ad er n'yannoo dty vaidjyn-raue; Bible
biljyn-feeyney	vines; Bible; biljyn-figgagh
billagh	tree; wooded; woody
